Journal title                                (Previous title if applicable),ISSN,eISSN,Publisher details
" African Journal of Gender and Religion (Formelry Journal of Constructive Theology: Gender, Religion and Theology in Africa (Journal of Gender and Religion in Africa)",1025-5648,2707-2991,"Desmond Tutu Centre for Religion and Social Justice, University of the Western Cape"
South African Judicial Education Journal,2616-7999,,South African Judicial Education Institute
African Human Rights Yearbook,2523-1367 ,2663-323X,Pretoria University Law Press
 Reading and Writing,2079-8245,2308-1422,"AOSIS, Postnet Suite #110, Private Bag X19, Durbanville, South Africa, 7551
Tel: 086 1000 381 
Tel: +27 21 975 2602 
Fax: 086 5004 974"
Acta Academica,0587-2405,,"PUBLISHER ADDRESS 
Sun Media Bloemfontein 
55 Brill St 
Westdene 
Postnet Suite 214 
Private Bag X01 
Brandhof 9324 
Tel : +27-(0)51-430-0459 
Fax : 086-545-4491 
E-mail : sunmedia@sunbloem.co.za
 


"
Acta Classica,0065-1141,'2227-538X,Classical Association of SA                                       Department of Ancient Language                                            University of Stellenbosch                                           PrivateBag X                                                    Matieland 7602                                                          Tel:021 808 3137                                                      E-mail:jct@akad.sun.ac.za
Acta Commercii,2413-1903,1684-1999,"AOSIS, Postnet Suite #110, Private Bag X19, Durbanville, South Africa, 7551
Tel: 086 1000 381 
Tel: +27 21 975 2602 
Fax: 086 5004 974"
Acta Criminologica: African Journal of Criminology and Victimology (Formelry Acta Criminologica: Southern African Journal of Criminology),1012-8093,,Criminological and Victimological Society of  Africa  
"Acta Germanica, German Studies in Africa",0065-1273,,"Sun Media Bloemfotein, Private Bag X 01, Brandhof 9324"
Acta Juridica,0065-1346,,"Faculty of Law, UCT                               Juta&Company                                                       P.O. Box 14363                                                       Cape Town, 8000                           Email: pvanaardt@juta.co.za"
Acta Structilia,1023-0564,'2415-0487,"SUN Media, Bloemfontein, Email:admin@sunbloem.co.za"
Acta Theologica ,1015-8758,'2309-9089,"Sun Media Bloemfontein  Tel: + 27 51 430 0459
Fax: +27 86 545 4491
E-mail: sunmedia@sunbloem.co.za
Physical address:
59 Brill Street
Westdene
BLOEMFONTEIN"
Administratio Publica,1015-4833,,Association of Southern African Schools and Departments of Public Administration and Management (ASSADPAM). 
Africa Education Review (Educare),1814-6627,1753-5921,Co-published by: Unisa Press & Routledge                               
Africa Insight,0256-2804,,"Human Sciences Research Council, Private Bag X41,0001"
Africa Journal of Nursing and Midwifery,1682-5055,2520-5293,University of South Africa Press                                                         P O Box 392                                                             Pretoria                                                               0003                                                                                                                                                      Tel :012 429 6149                                              E-mail: rallpb@unisa.ac.za  
African Disability Rights Yearbook,2311-8970,,"Pretoria University Law Press (PULP), Faculty of Law, University of Pretoria, South Africa,0002"
African Entomology,1021-3589,2224-8854,"Entomological Society of Southern Africa, PO Box 13162 Hatfield, Pretoria, 0028 http://www.entosocsa.co.za"
African Evaluation Journal,2310-4988,2306-5133,"AOSIS (Pty) Ltd, Postnet Suite #110, Private Bag X19, Durbanville, Cape Twon, 750. Email: publishing@aosis.co.za"
African Finance Journal,1605-9786,,"Africagrowth Institute
Canal Edge 2 
Tyger Waterfront 
Carl Cronje Drive
Bellville, 7535
Cape Town, South Africa 

"
African Historical Review (Kleio),1753-2523,1753-2531,Co-published by :Routledge    & Unisa Press
African Human Mobility Review (AHMR),2411-6955,,"Scalabrini Insittute For Human Mobility in Africa                                                                     47,Commercial St,8001 Cape Town-South Africa                                                                          Tel :0027 021 461 4741                                            E-mail :editor@sihma.org.za"
African Human Rights Law Journal,1609-073X,,Pretoria University Law Press 
African Invertebrates ,1618-5556 ,,"Council Natal Museum, Private Bag 9070, Pietermaritzburg, Kwazulu-Natal"
"African Journal for Physical Activity and Health Sciences (AJPHES). Formelry African Journal for Physical, Health Education, Recreation and Dance (AJPHERD)",2411-6939,,"AAFAHPER-SD;Centre for Biokinetics,            Recreation and Sport Science                         LAM Publication Ltd."
African Journal of Agricultural and Resource Economics ,1993-3738,,University of Pretoria Press - SA
African Journal of AIDS Research (AJAR),1608-5906,1727-9445,"Co-published by National Inquiry Service Centre, Pty Ltd and Taylor and Francis"
African Journal Of Aquatic Science ,"1608-5914

",1727-9364,"Co-published by National Inquiry Service Centre, Pty Ltd and Taylor and Francis"
African Journal of Democracy And Governance(AJDG),2313-6529,,"Institute for Democracy and Governance,Peace & Development in Africa                                                              PO Box 4320                                                           The Reeds 0158 ,South Africa,                                  Tell/Fax: +27 (012) 661 9774                                  Email :info@idgpa.org Web:www.idgpa.org      "
African Journal of Disability,2223-9170,2226-7220,"AOSIS, Postnet Suite #110, Private Bag X19, Durbanville, South Africa, 7551
Tel: 086 1000 381 
Tel: +27 21 975 2602 
Fax: 086 5004 974"
African Journal of Employee Relations (Formelry South African Journal of Labour Relations),2709-0426 ,2664-3731 ,UNISA Press
African Journal of Health Professions  Education ,2078-5127,,South African Medical Association
African Journal of Herpetology,2156-4574, 2153-3660,"Co-published by National Inquiry Service Centre, Pty Ltd and Taylor and Francis"
African journal of Laboratory Medicine,2225-2002,2225-2010,"AOSIS, Postnet Suite #110, Private Bag X19, Durbanville, South Africa, 7551
Tel: 086 1000 381 
Tel: +27 21 975 2602 
Fax: 086 5004 974"
African Journal of Marine Science,1814-232X,"1814-2338
","Co-published by National Inquiry Service Centre, Pty Ltd and Taylor and Francis"
African Journal of Primary Health Care & Family Medicine,2071-2928,2071-2936,"AOSIS, Postnet Suite #110, Private Bag X19, Durbanville, South Africa, 7551
Tel: 086 1000 381 
Tel: +27 21 975 2602 
Fax: 086 5004 974"
African Journal of Range and Forage Science,"1022-0119

",1727-9380,"Co-published by National Inquiry Service Centre, Pty Ltd and Taylor and Francis"
"African Journal of Research in Mathematics, Science and Technology Education (AJRMSTE) or African Journal of Research in MST Education",1811-7295,2469-7656, Routledge 
African journal of Rhetoric,1998-2054,,"The African Association for Rhetoric, University of KwaZulu-Natal, Durban, South Africa"
"African Journal of Science, Technology, Innovation and Development",2042-1338,2042-1346,"Co-published by Routledge and the National Inquiry Service Centre (NISC), North Tower, First Floor 160 Jan Smuts Avenue, Rosebank, 2196"
African Journal of Thoracic and Critical Care Medicine ( Previously South African Respiratory Journal).,2304-0017,,"Health and Medical Publishing Group (pty) Ltd.                                                                                  Co.registration 2004/0220 32/07,a subsidiary of SAMA.                                                                                    Head Office:Block F,Castle Walk Corporate Park,Nossob Street,Erasmuskloof Ext. 3,Pretoria,0181                                    "
African Journal on Conflict Resolution,1562-6997,,African Centre for the Constructive Resolution of Disputes(ACCORD)                                            Private Bag X018 Umhlanga Rocks 4320                       Tel: 031 502 3908                                                          Fax:031 502 4160
African Journalism Studies (Fromerly Ecquid Novi - African Journalism Studies),2374-3670,2374-3689,Co-published by Routledge and UNISA Press
African Music: Journal of the International Library of African Music ,0065-4019,,International Library of African Music - SA
African Population Studies,0850-5780,,"Forum Press, PO Box 93895, Boordfontein 0201"
African Review of Economics & Finance (The Journal of the African Centre for Economics & Finance) ,2042-1478,,"Department of Economics and Economic Hiostory, Rhodes Univesity, PO Box 94, Grahamstown, 6140"
African Security Review,1024-6029,2154-0128,UNISA Press
African Sociological Review,1027-4332,,"CODESRIA, Faculty of Humanities, Rhodes University, PO Box 94, Grahamstown, 6140, Email:  f.hendricks@ru.ac.za"
African Yearbook on International Humanitarian Law,1997-8391,,Juta&Co.               pvanaardt@juta.co.za                                                                                                 
Africa's Public Service Delivery & Performance Review,2310-2195,2310-2152,"AOSIS (PTY) Ltd                                                            Postnet Suite #110                                            Private Bag X19                                                                  Durbanville,Cape Town                                                          South Africa ,7550   "
Akroterion:Journal for the Classics in South Africa,0303-1896,2079-2883,"African Sun Media, Admin Building A, Ryneveld Street, Stellenbosch 7600. 0218082401.www.africansunmedia.co.za"
Alternation:Interdisciplinary Journal for the Study of the Arts and Humanities in Southern Africa  (Formerly International Journal for the Study of Southern African Literature and Languages),1023-1757,,CSSALL Publisher                           PO Box 1734                                     Wandsbeck                                        3631
Annals of the Ditsong National Museum of Natural History  (Annals  of the Transvaal Museum),2220-4563 ,,"P.O.Box 413                                                            Pretoria, 0001                                                              Tel:  012 322 7632                                                                           Fax: 012 322 7939                                                                    E-mail:annals@nfi.co.za; perregil@nfi.museum"
Architecture South Africa: Journal of the South African Insitute of Architects,1682-9387,,"Picasso Headline(Pty) Ltd                                                105-107                                                                       Hatfield Gardens                                                             Cape Town, 8001                                                                 Tel: 021 462 1023"
Bulletin of the National Library of South Africa (Former Quarterly Bulletin of the National Library of South Africa),2313-2590,,"NLSA Centre for the Book, P.O Box 15254, Vlaeberg, 8018"
Cardiovascular Journal of Africa,1995-1892                   ,1680-0745,"Clinics Cardiv Publishing Company (Pty)Ltd; PO Box 1013; Durbanville; 7550; Tel: 021 976 8129 Fax: 021 976 8129, email:cvjsa@cvjsa.co.za"
Child Abuse Research in South Africa (CARSA) (Child Abuse Research - A South African Journal),1562-1383,,"South African Professional Society on the Abuse of Children,                                                           P.O.Box 31334                                                         Totiusdal, 0134                                                     Tel:  012 332 0918                                                Fax: 012 332 0161"
Commonwealth Youth and Development,1727-7140,2663-6549,University of South Africa Press                                                         P O Box 392                                                             Pretoria                                                               0003                                                                                                                                                      Tel :012 429 6149                                              E-mail: rallpb@unisa.ac.za  
Communicare: Journal for Communication Studies in Africa. Formelry: Journal for Communication Sciences in Southern Africa,0259-0069,,"School of Communication, University of Johannesburg, PO Box 524"
Communicatio: South African Journal for Communication Theory and Research,0250-0167,1753-5379,Co-published by UNISA Press and Routledge                                                                                                                                  
Communitas:Journal for Community Communication and Information Impact,,2415-0525,Unit for Community Communication                                        Dept of Communication & Information Studies                                                                                University of the Free State                                                     PO Box 339                                                                Bloemfontein 9300 Email:dewetjc.hum@mail.uovs.ac.za
Concrete Beton Technical Journal (Formelry Concrete Beton),1682-6116,2521-8263,"Concrete Society of Southern Africa                                       P.O. Box 75364                                                          Lynnwood Ridge, 0040                                                        Tel:012 348 5305                                                                                                                            E-mail: ceo@concretesociety.co.za"
Constitutional Court Review (CCR),2073-6215,,"JUTA, 1st Floor, Suncalre Building, 21 Dreyer Street, Claremont 7780, Cape Town"
Critical Arts: A Journal of South-North Cultural and Media Studies,0256-0046,1992-6049,Co-published by Routledge and UNISA Press
Critical Studies In Teaching and Learning (CriSTal),2310-7103,,"University of the Western Cape ,Private Bag X17,Belville,Cape Town,7535.Allison Fullard,Deputy Director:UWC Library Service, 0129592923"
"Curationis: Research Journal of the Democratic Nursing Organisation of South Africa 
",0379-8577,2223-6279,"AOSIS, Postnet Suite #110, Private Bag X19, Durbanville, South Africa, 7551
Tel: 086 1000 381 
Tel: +27 21 975 2602 
Fax: 086 5004 974"
Current Allergy & Clinical Immunology ,1609-3607 ,,"Allergy Soc South Africa, PO Box 88, Observatory 7935, Cape Town"
Current Writing: Text and Reception,1013-929X,2159-9130,Routledge
De Arte,0004-3389,'2471-4100,Co-published by UNISA Press and Routledge   
De Jure,2225-7160,,Lexis Nexis 
Durban Museum Novitiates,0012-723X,,Durban Natural Sciences Museum                                       P.O. Box 4085                                                            Durban 4000                                                                Tel:  031 311 2240/1                                                       Fax: 031 311 2242                                                                 E-mail:redmang@crsu.durban.gov.za
Eastern African Literary and Cultural Studies,2327-7408,,"NISC (Pty) Ltd,                                               PO Box 377                                       Grahamstown                                                  6140                                                 journal@nisc.co.za"
Education As Change,1682-3206 ,1947-9417,"UNISA Press, PO Box 382, Unisa, Pretoria, 0003. Contact: Mr Pieter Rall: email rallpb@unisa.ac.za"
Education Research for Social Change (ERSC),2221-4070,,"NNMU Education Faculty, PO Box 7700, Port Elizabeth, 6000"
English Academy Review,1013-1752,1753-5360,Co-published by UNISA Press and Routledge                                                                                                                                  
English in Africa,0376-8902,,Institute for the Study of English in Africa (ISEA) - SA
English in Africa,0376-8902,,Institute for the Study of English in Africa (ISEA) - SA
Ensovoort,0257-2036,2616-7670,"Ensovoort Society                                      Posbus 3103, Dainfern, 2055"
Ergonomics SA,1010-2728,,"Ergonomics Society of South Africa,                                     Department of human Kinetics & Ergonomics                                                   Rhodes University                                                                P.O. Box 94                                                    Grahamstown, 6140"
Esarbica Journal,0376-4753,,National Archives and Records Service of South Africa                                                                         P/B X236                                                                     Pretoria 0001
Flowering Plants of Africa (The Flowering Plants of South Africa),0015-4504,,"South African National Biodiversity Insitute,                                                                 Private Bag X101                                                      Pretoria, 0001                                                                                                                                                                                                    Tel:  012 804 5000                                                          Fax: 012 804 3211"
French Studies in Southern Africa,0259-0247,,Association for French Studies in South Africa
Fundamina: a Journal of Legal History,2411-7870,,Juta & Co. Email: Pvanaardt@JUTA.CO.ZA
Gender Questions,2309-9704,2412-8457,University of South Africa Press                                                         P O Box 392                                                             Pretoria                                                               0003                                                                                                                                                      Tel :012 429 6149                                              E-mail: rallpb@unisa.ac.za  
Health SA Gesondheid: Journal of Interdisciplinary Health Sciences,1025-9848,2071-9736,University of Johannesburg
Historia: Journal of the Historical Association of South Africa,0018-229X                                ,,"The Historical Association of South Africa 
c/o Department of Historical and Heritage Studies 
University of Pretoria 
Private bag X20 Hatfield
Pretoria 
0028 

"
HTS Theological Studies/ Teologiese Studies                                                                ,0259-9422                   ,2072-8050,"AOSIS, Postnet Suite #110, Private Bag X19, Durbanville, South Africa, 7551
Tel: 086 1000 381 
Tel: +27 21 975 2602 
Fax: 086 5004 974"
Image and Text,2617-3255,,"Department of Visual Arts                                                      University of Pretoria, 0002                                       Tel:012 420 2353                                                                   Fax:012 420 3686                                                                E-mail: image.text@up.ac.za"
Imbizo: International Journal of African Literary and Comparative Studies,2078-9785,2663-6565,University of South Africa Press                                                         P O Box 392                                                             Pretoria                                                               0003                                                                               Tell :012 429 6149
In die Skriflig/In Luce Verbi,1018-6441,2305-0853,"AOSIS, Postnet Suite #110, Private Bag X19, Durbanville, South Africa, 7551
Tel: 086 1000 381 
Tel: +27 21 975 2602 
Fax: 086 5004 974"
Indago: ( Formelry Navorsinge van die Nasionale Museum Bloemfontein),0067-9208,,"National Museum                                                          P.O. Box 266                                                     Bloemfontein, 9300                                                                E-mail: library@nasmus.co.za"
Indilinga: African Journal of Indigenous Knowledge Systems,1683-0296,,"Pinetown Printers                                                                       16 Ivy Road                                                                     Pinetown, 3610"
Indo-Pacific Journal of Phenomenology,1445-7377,,c/o Department of Psychology                                 University of Johannesburg                        Auckland Park                                               Johannesburg                                                    2006
Industrial Law Journal including Industrial Law Reports,0258-249X,,"Industrial Law Journal, Center for Applied Legal Studies,                                                                    University of Witwatersrand                             Johannesburg, 2000                                                Published by Juta Law                                                          P.O. Box 24299, Lansdowne, 7779"
Innovation: A Journal for Appropriate Librarianship and Information Work in Southern Africa,1025-8892,,University of KwaZulu-Natal                                                        Private Bag X014                                                        Scottville                                            Pietermaritzburg; 3209
International Journal for Religious Freedom,2070-5484,,"International Institute for Religious Freedom                           P.O. Box 1336, Sun Valley, 7985                                 "
International Journal of African Higher Education,2313-5069,,"International Network for Higher Education in Africa (INHEA), University of KwaZulu-Natal, Durban, South Africa/Center for International Higher Education, Boston College, USA"
International Journal of African Renaissance Studies,1818-6874,1753-7274,Co-published by UNISA Press and Routledge                                                                                                                                  
Investment Analysts Journal ,1029-3523 ,2077-0227,Investment Analysts Society of South Africa. Email: InvestmentAnalystsJournal@gmail.com
Italian Studies in Southern Africa,1012-2338,,Association of Professional Italianists                                                     School of  literature & Language Studies                                       University of the Witwatersrand                                 Private Bag 3; Wits 2050                                              Tel: 011 717 4211; Fax: 011 640 2359                                           E-mail:Alida.poeti@wits.ac.za
Jamba: Journal of Disaster Risk Studies ,1996-1421                      ,2072-845x,"AOSIS, Postnet Suite #110, Private Bag X19, Durbanville, South Africa, 7551
Tel: 086 1000 381 
Tel: +27 21 975 2602 
Fax: 086 5004 974"
Journal for Islamic Studies,,0257-7062,UNISA Press
Journal for Juridical Science/ Tydskrif vir Regswetenskap,0258-252X,,"Faculty of Law                                            University of the Free State                                        Bloemfontein, 9300"
Journal for Language Teaching / Ijenali Yekufundzisa Lulwini / Tydskrif vir Taalonderrig  ,0259-9570,,South African Association for Language Teaching (SAALT) 
Journal for New Generation Sciences,1684-4998,,Central University of Technology                                     Free State                                                                       P/B  X20539                                                               Bloemfontein
Journal for Semitics/Tydskrif vir Semitistiek,1013-8471,2663-6573,University of South Africa Press                                                         P O Box 392                                                             Pretoria                                                               0003                                                                                                                                                      Tel :012 429 6149                                              E-mail: rallpb@unisa.ac.za  
"Journal for Studies in Economics and Econometrics

Tydskrif vir Studies in Ekonomie en Ekonometrie
",0379-6205,,Graduate School of Business and Bureau for Economics Research                                             University of Stellenbosch
Journal for the Study of Religion (Religion in Southern Africa),1011-7601,,UJ Academic Press    
Journal for Transdisciplinary Research in Southern Africa,1817-4434,2415-2005,"AOSIS (Pty) Ltd, 15 Oxford Street, Durbanvilee, Cape Town, 7550"
Journal of African Elections,1609-4700,245-5837,"Electoral Institute for Sustainable Democracy in Africa (EISA).14 Park Road
Richmond
Johannesburg
2092. 011 381-6000
"
Journal of Child and Adolescent Mental Health ,1728-0583,1728-0591,Routledge
Journal of Comperative Law in Africa,2311-6889,,Juta and Company (Pty) Ltd                                                     PO Box 14373                                                                  Lansdowne                                                     7779
Journal of Constructioin Project Management and Innovation (JCPMI),2223-7852,,University of Johannesburg
"Journal of Construction 

",1994-7402,,"Publisher: Crown Publications CC
PO Box 140
Bedfordview, 2008
Fax 011 615 6108"
Journal of Consumer Sciences (Former Journal of Family Ecology and Consumer Sciences),3078-4050,,African Journals Online (AJOL)
Journal of Contemporary Management,1815-7440,,Prof. Ansie Lessing. Email: editor.jcman@gmail.com
Journal of Contemporary Roman  Dutch Law,1682-4490,,"Butterworths Publishers, 215 North Ridge Road, Morningside, Durban, Tel: 031 268 3264"
Journal of Early Christian History: A journal for the Study of Early Christianity and Late Antiquity (Fomerly know as Acta Patristica et Byzantina),2222-582X,,Co-published by UNISA Press and Routledge                                                                                                                                  
"Journal of Economic and Financial Sciences 



",1995-7076,2312-2803,"AOSIS, Postnet Suite #110, Private Bag X19, Durbanville, South Africa, 7551
Tel: 086 1000 381 
Tel: +27 21 975 2602 
Fax: 086 5004 974"
Journal of Education,0259-479X,,"School of Education, Training and Development,                                                            University of KwaZulu-Natal                                         Private BagX 01, Scottsville, 3209                                 Tel:  033 260 5368                                                       Fax: 033 260 5080                                                                      E-mail:Joe@ukzn.ac.za"
Journal of Educational Studies,1680-7456,,"Faculty of Humanities, Social Sciences and Education
University of Venda
Private Bag X5050
Thohoyandou
0950
Tel: 015 962 8318/9108
Email: Jes@univen.ac.za
"
"Journal of Endocrinology, Metabolism and Diabetes of South Africa (JEMDSA)",1608-9677,2220-1009,"Medpharm Publications              Centurion Wine and Arts Centre, 123 Amkor Road, Lyttleton Mannor, 0140.                     E-mail: info@medpharm.co.za"
Journal of Energy in Southern Africa,1021-447X,2413-3051,"Energy Research Insitute,UCT                                           Private Bag, Rondebosch, 7701                                    Tel:  021 650 3894/2                                                   Fax:  021 686 4838                                                                 E-mail: rdrummond@eng.uct.ac.za http://www.eri.uct.ac.za/eri.html"
"Journal of Engineering, Design and Technology",1726-0531,,Faculty of Engineering                                                                 PO Box 1906                                                  Bellville; 7535                                                                 Tel: 021 959 6637/666;                                Fax:021 959 6743
"Journal of Law,Society and Development ",2313-8289,2520-9515,University of South Africa Press                                                         P O Box 392                                                             Pretoria                                                               0003                                                                                                                                                      Tel :012 429 6149                                              E-mail: rallpb@unisa.ac.za  
Journal of Literary Studies,0256-4718  ,1753-5387,Co-published by UNISA Press and Routledge                                                                                                                                  
Journal of Medical Laboratory Science and Technology ( Formelry Medical Technology SA),2664-2549,2708-3063,Medpharm Publications
Journal of Northwest Semitic Languages,0259-0131,,"Department of Ancient Studies, Stellenbosch University, Private Bag X1, Matieland, 7602"
Journal of Public Administration,0036-0767 ,,"South African Association of Public Administration & Management, PO Box 1069, Soshanguve, 0152 Tel: (012)3829769 Fax: (012)3829042                                     E-mail: saapam@tut.ac.za"
Journal of South African Law/ Tydskrif vir die Suid Afrikaanse Reg( TSAR),0257-7747,,Juta Law                                                       
Journal of Student Affairs in Africa,2311-1771,2307-6267,University of Pretoria / ESI
Journal of the Musical Arts In Africa ,1812-1004 ,2070-626x,"Co-published by National Inquiry Service Centre, Pty Ltd and Routledge"
Journal of Anti-Corruption Law,2521-5345,,Faculty of Law at University of Western Cape
Journal of the South African Institution of Civil Engineering,1021-2019,2309-8775,"SAICE                                                                                     P/Bag X200                                                                     Halfway House, 1685                                                                         Tel:   011  805 5947/8                                              Fax:  011 805 5971                                                                          E-mail:civilinfo@saice.org.za www.civils.org.za"
Journal of the South African Society of Archivists (previously SA Archives Journal),1012-2796,,"The South African Society of Archivist National Archives and Records Service of South Africa,Office D68
239 Madiba Street
Old Library Building
Pretoria                         GAUTENG
South Africa
0001                                                  Telephone: (0) 82 580 6320
Email: administrator@saarchivist.co.za Website:www.saarchivist.co.za"
Journal of the Southern African Association for Research in Mathematics and Science Education,1028-8457,,"SAARMSTE                                                                     P.O. Box 42                                                                   Kloof, 3640"
Journal of Geography Education in Africa (JoGEA),2788-9114,,The University of Pretoria
Journal of Theology for Southern Africa,0047-2867,,"Prof S. Degruchy                                                         JTSA School of Theology, University of KZN                                                  Room 111A; New Arts Building; Golf Rd; Scottsville, 3209                                                                 Tel:033 260 6106; Fax:033 260 5858                                                E-mail:jtsa@ukzn.ac.za"
Journal of Transport and Supply Chain Management,2310-8789,1995-5235,"AOSIS, Postnet Suite #110, Private Bag X19, Durbanville, South Africa, 7551
Tel: 086 1000 381 
Tel: +27 21 975 2602 
Fax: 086 5004 974"
"Journal of Vocational, Adult and Continuing Education and Training",2663-3639,2663-3647,"Compresss.dsl, The Stables, 39 Myburgh Street, Somerset West, 7120.Email: felicity@compressdsl.com"
Koedoe: Research Journal of the South African National Parks,0075-6458,2071-0771,"AOSIS, Postnet Suite #110, Private Bag X19, Durbanville, South Africa, 7551
Tel: 086 1000 381 
Tel: +27 21 975 2602 
Fax: 086 5004 974"
Koers:Bulletin for Christian Scholarship                                                  ,0023-270X,2304-8557,Koers Society of SA
Kronos: Southern African Histories (Kronos: Journal of Cape History),0259-0190,2309-9585 ,Department of History and Centre for Humanities Research (UWC)
Language Matters:Studies in the Languages of Africa (Language Matters:Studies in the Languages of Southern Africa),1022-8195,1753-5395,Co-published by UNISA Press and Routledge                                                                                                                                  
"Law, Democracy and Development",1028-1055,2077-4907,"Faculty of Law, University of the Western Cape, Private Bag X 17, Bellville 7535                                                                 "
Lexikos,1684-4904,,"Bureau of the Woordeboek van die Afrikaanse Taal, PO Box 245, Stellenbosch, 7599, Tel: 021 887 3113, Fax: 021 883 9492, email: lexikos@sun.ac.za "
"Literator: Journal of Literary Criticism, Comparative Linguistics and Literary Studies",0258-2279,2219-8237,"AOSIS, Postnet Suite #110, Private Bag X19, Durbanville, South Africa, 7551
Tel: 086 1000 381 
Tel: +27 21 975 2602 
Fax: 086 5004 974"
LitNet Akademies,1995-5928,,"8 Louw Street                                                       Stellenbosch, 7600                                                       Tel: 021 886 5169; Fax: 086 512 6782                            www.litnet.co.za"
Management Dynamics / Bestuursdinamika: Kontemorere Navorsing,1019-567X,2710-5245,Prof Christo Boschoff                                  Editor: Management Dynamics      Dpartment of Business Management                                     Stellenbosch University                     Private Bag X1                                MATIELAND                                    7600                                                                       E-mail: cboshoff@sun.ac.za
Meditari:Accountancy Research,2049-372x,,Emerald Publishing Limited. Email: agsmith@emeraldinsight.com
Missionalia: Journal of the Southern African Missiological Society,0256-9507,,AcadSA                                               P.O. Box 35704                                  Menlo Park                                      0102
Mousaion,0027-2639,2663-659X,University of South Africa Press                                                         P O Box 392                                                             Pretoria                                                               0003                                                                                                                                                      Tel :012 429 6149                                              E-mail: rallpb@unisa.ac.za  
Musicus,0256-8837,,UNISA Press
Muziki: Journal of Music Research in Africa,1812-5980,1753-593X,Co-published by UNISA Press and Routledge                                                                                                                                  
Neotestamentica:Journal of the New Testament Society of Southern Africa (NTSSA),0254-8356,2518-4628,"New Testament Society of Southern Africa, P.O Box 11217, Queenswood 0121, South Africa. Email: admin@neotestamentica.org.za"
New Agenda: South African Journal of Social and Economic Policy,1607-2820,,Institute for African Alternatives (IFAA)
New Contree: A Journal of Historical and Human Sciences for Southern Africa ,0379-9867,,"AOSIS, Postnet Suite #110, Private Bag X19, Durbanville, South Africa, 7551
Tel: +27 21 975 2602 
Email:publishing@aosis.co.za"
Nomina Africana: Journal of the Names Society of Southern Africa/Tydskrif van die Naamkundevereniging van Suider Afrika,1012-0254,,"University of Natal                                               Pietermaritzburg                                                                 Private bag X01                                                Scottsville, 3209"
Obiter,1682-5853,,"NMMU, Summerstrand Campus, Faculty of Law                                                                                                                 P.O.Box 1600                                                                Port Elizabeth, 6000                                                             Tel:041 504 2199                                                                    Fax:041 504 2818                                                                     E-mail:Adriaan.VanDerWalt@upe.ac.za"
Occupational Health Southern Africa,1024-6274      , 2226 -6097,"Kevin Beaumont, MettaMedia (Pty) Ltd, PO Box 210, Tulbagh 6820, South Africa"
Old Testament Essays (New Series),1010-9919,,Department of Old  Testament Society in Southern Africa                                 
Orion: Journal of the Operations Research of South Africa,0259-191X,,Operations Research Society of South Africa
Palaeontologia Africana,0078-8554,,"Bernard Price Institute for Palaeontological Research,                                                            University of the Witwatersrand                                           Private Bag X1, 2050"
Per Linguam: A Journal of Language Learning,0259-2312,,"Department of Curriculum Studies                                                    Faculty of Education                                                   University of Stellenbosch                                                   Private Bag X1, Matieland, 7599                                         Tel: 021 808 2284                                                                   E-mail: cvdwalt@sun.ac.za"
Perspectives in Education,0258-2236,2519-593x,SUN MeDIA
Philosophical Papers,0556-8641,1996-8523,UNISA Press & Routledge
Phronimon: Journal of the South African Society for Greek Philosophy and the Humanities,1561-4018,2413-3086,SA Society for Greek Philosophy and                                                                                   Humanities;UNISA                   Ladika@unisa.ac.za\phronimon.com                                           cell: 082 449 1307                 Tel: 012 429 6837
Pins: Psychology in Society,1015-6046,,PINS                                                                     66 Jupiter Road                           Westville                                        3629.       Email:PINSEditorial@gmail.com
Politeia: The Journal of Political Sciences and Public Administration and Management,0256-8845,2663-6689,UNISA Press                                                                
Progressio,0256-8853,2663-5895,UNISA Press
Psychoanalytic Practice (Formelry Psycho-analytic Psychotherapy in South Africa),2709-6971,2709-698X,"P.O. Box 16115                                                                Vlaeberg, 8018                                             http://www.psa.org.za"
Pythagoras,1012-2346,2223-7895,"AOSIS, Postnet Suite #110, Private Bag X19, Durbanville, South Africa, 7551
Tel: 086 1000 381 
Tel: +27 21 975 2602 
Fax: 086 5004 974"
Quaestiones Mathematicae,1607-3606,1727-933x,"Co-published by National Inquiry Services Centre, Pty Ltd and Taylor and Francis"
R&D Journal,0257-9669,,The South African Institution of Mechanical Engineering
South African Heart Journal,1996-6741,2071-4602,"Greenroom Design Studio                                               POBox 15, Mutual Park, 7451                                          Email: ilze@greenroomcreative.co.za"
SA Journal of Accounting Research,1029-1954,,"SA Journal of Accounting Research                              P.O. Box 59873                                                       Kengray, 2100                                                       Tel: 011 621 6723/ 6600                                             Fax: 011 621 6827/5543                                                    E-mail: sajar@saica.co.za"
SA Journal of Human Resource Management,1683-7584,2071-078X,"AOSIS, Postnet Suite #110, Private Bag X19, Durbanville, South Africa, 7551
Tel: 086 1000 381 
Tel: +27 21 975 2602 
Fax: 086 5004 974"
SA Journal of Industrial Psychology (Journal of Industrial Psychology),0258-5200,2071-0763,"AOSIS, Postnet Suite #110, Private Bag X19, Durbanville, South Africa, 7551
Tel: 086 1000 381 
Tel: +27 21 975 2602 
Fax: 086 5004 974"
SA Journal of Radiology,1027-202X,2078-6778,"AOSIS, Postnet Suite #110, Private Bag X19, Durbanville, South Africa, 7551
Tel: 086 1000 381 
Tel: +27 21 975 2602 
Fax: 086 5004 974"
SA Mercantile Law,1015-0099,,Juta and Co                                Email: pvanaardt@juta.co.za                                                                    
Safundi:Journal of South African and American Studies,1753-3171,,Routledge
SAHARA J: Journal of Social Aspects of HIV/AIDS Research Alliance,1729-0376,1813-4424,Routledge (Taylor and Fancis Group)
SAIEE Africa Research Journal (Transactions of the South African Insitute of Electrical Engineers),1991-1696 ,,"Crown Publications                                                       Ms Karen Grant                                                           PO Box 140                                                          Bedfordview, 2008."
SAMJ - South African Medical Journal ,0256-9574 ,,"Health & Medical Publishing Group Private Bag X1, Pinelands, 7430. Contact person: Claudian@hmpg.co.za                                                                              "
SAMUS: South African Music Studies (Formerly South Africa Journal of Musicology),2223-635X,,Musicological Society of Southern  Africa                  P.O.Box 3452                                                      Matieland; 7602                                                           Tel:021 808 2350; Fax:021 808 2340                                                      E-mail:ig@sun.ac.za
Scientia Militaria:South african Journal of Military Studies,1022-8136 ,2224-0020 ,"Faculty of Military Science (Military Academy) University of Stellenbosch                                           Private Bag X2, Saldanha, 7395                                         Tel: 022 714 3104, Fax: 022 714 3060                                               E-mail: ian@ma2.sun.ac.za"
"Scriptura:INTERNATIONAL JOURNAL OF BIBLE, RELIGION AND THEOLOGY IN SOUTHERN AFRICA",0254-1807,,"US Printing                                                                 Private Bag X1, Matieland, 7602                             Tel: 021 808 3941                                                               E-mail:usprint@sun.ac.za"
Scrutiny2 (Unisa English Studies),1812-5441,1753-5409,Co-published by UNISA Press and Routledge                                                                                                                                  
Shakespeare in Southern Africa,1011-582X,,Institute for the Study of English in Africa (ISEA)
Social and Health Sciences (SaHS)- Formerly African Safety Promotion - A journal of Injury and violence Prevention,1728-774X,2957-3645 ,UNISA Press 
"Social Dynamics - A Journal of the Centre for African Studies, University of Cape Town",0253-3952,1940-7874,Routledge
Social Work: A Professional Journal for the Social Worker,0037-8054,2312-7198 ,"Department of Social Work                                            University of Stellenbosch                                                  P.O.Box 223, Stellenbosch, 7599                                  Tel: 021 808 2070/2069                                                       Fax: 021 808 3765"
South African Actuarial Journal,,1680-2179,"Acturial Society of South Africa                                      P.O. Box 4464                                                                       Cape Town, 8000                                       http://www.assa.org.za"
South African Archaeological Bulletin,0038-1969,,"South African Archeoalogical Society; PO Box 15700; Vlaeberg, 8018, Tel: 021 481-3886 Fax: 021 481-3993, Email: archsoc@iziko.org.za"
South African Baptist Journal of Theology,1019-7990,,"P.O.Box 38473                                                        Gatesville,7766                                                                   Tel: 021 637 9020/1                                                     Fax: 021 633 2626                                                                E-mail: baptcol@bigfoot.com"
South African Computer Journal,1015-7999,2313-7835,South African Institute of Computer Scientists                           The Head of Department; Floor8; Theo van Wyk; Room42; School of Computing; Pretoria                                                           Tel:012 429 6817                                                         E-mail:kotzep@unisa.ac.za;                                            
"South African Crime Quarterly


",1991-3877,," Institute for Security Studies 
PO Box 1787
Brooklyn Square
0075
Fax: 012 460 0998"
South African Dental Journal (Journal of the Dental Association of South Africa),1029-4864,,"Electronic Doctor (E-Doc) Publishers                          1175 Lara Street; Moreleta Park, Pretoria                                                       P.O Box 37545                                                                                       Faeri Glen; 0043                                                          Tel: 012 997 6531                                                                                                Fax:012 997 6532                                Email:johan@edoc.co.za                                                    "
South African Family Practice ,2078-6190,2078-6204,"AOSIS , Postnet Suite #110, Private Bag X19, Durbanville, South Africa, 7551
Tel: 086 1000 381 
Tel: +27 21 975 2602 
Fax: 086 5004 974"
South African Health Review,1025-1715,,Health Systems Trust 34 Essec Terrace Westville 3630      Durban    hst@hst.org.za            031 266 9090
South African Intellectual Property Law Journal (SAIPLJ),2309-4532,,"Juta and Company, 1st Floor Sunclare Building, 21 Dreyer Street, Claremont"
"South African Journal for Research in Sport,Physical Education & Recreation",0379-9069,,"Department of Sport Science, University of Stellenbosch, Private Bag X1, Matieland, 7602Tel021 808 4915; Fax: 021 808 4817, Email: floris@sun.ac.za"
South African Journal of Agricultural Extension,0301-603X,,"South African Society for Agricultural Extension(SASAE)                                                   Department of Agriculture, Ecomomics, Extensions and Rural,                                   University of Pretoria, 0002,                                                Tel: 012 420 3246"
South African Journal of Art History,0258-3542,,"Art Historical Work Group of South Africa Department of Art History and Fine Arts                           UNISA, P.O.Box 392                                               Pretoria, 0003"
South African Journal of Bioethics and Law,1999-7639,,South African Medical Association.
South African Journal of Business Management ,2078-5585,2078-5976,"Associatopn of Professional Managers SA, PO Box 11937, Centurion, 0046"
South African Journal of Chemical Engineering,1026-9185,,'Elsevier
"South African Journal of Child Health 

",1994-3032,,"Health & Medical Publishing Group
Private Bag X1
Pinelands, 7430. Contact person: Claudian@hmpg.co.za"
South African Journal of Childhood  Education,2223-7674,2223-7682,"AOSIS OpenJournals, Postnet Suite #110, Private Bag X19, Durbanville, South Africa, 7551
Tel: 086 1000 381 
Tel: +27 21 975 2602 
Fax: 086 5004 974"
South African Journal of Clinical Nutrition,1607-0658,2221-1268,"Medpharm Publications              Centurion Wine and Arts Centre, 123 Amkor Road, Lyttleton Mannor, 0140.                     E-mail: info@medpharm.co.za"
South African Journal of Communication Disorders,0379-8046,2225-4765,"AOSIS, Postnet Suite #110, Private Bag X19, Durbanville, South Africa, 7551
Tel: 086 1000 381 
Tel: +27 21 975 2602 
Fax: 086 5004 974"
South African Journal of Criminal Justice,1011-8527,,"Juta Law                                                                         P.O. Box 24299                                                               Lansdowne, 7779                                                                 Cape Town"
South African Journal of Cultural History/ Suid-Afrikaanse Tydskrif vir Kultuurgeskiedenis,1011--3053,,"Postnet Suite 139
Private Bag X504
Sinoville
0129"
South African Journal of Economic and Management Sciences,1015-8812,2222-3436,"AOSIS OpenJournals, Postnet Suite #110, Private Bag X19, Durbanville, South Africa, 7551
Tel: 086 1000 381 
Tel: +27 21 975 2602 
Fax: 086 5004 974"
South African Journal of Education,0256-0100,,"Education Association of SA; Science Africa, PO Box 11890, Silver Lakes, 0054, Fax: 0865113379, Email: sci-af@silverlakes.co.za"
South African Journal of Enology and Viticulture ,0253-939x ,,"South African Society of  Enology & Viticulture-SASEV, Dennesig, P O Box 2092, Stellenbosch"
South African Journal of Environmental Law and Law Policy,1023-1765,,"School of Law                                                              University of Kwazulu-Natal                                                                        Golf Road,Scottsville, 3209                                            Tel: 033 260 5036                                                        Fax:033 260 5015                                                                    E-mail:ielaw@ukzn.ac.za"
South African Journal of Geomatics (formelry South African Journal of Surveying and Geo-Information),2225-8531,,"CONSAS Conference              Van der Sterr Building               Rhodes Drive, Mowbrary 7785, South Africa"
South African Journal of Higher Education,1011-3487,1753-5913,Stellenbosch University Library and Information Service                                                                  
South African Journal of Industrial Engineering,1012-277X,2224-7890,"PO Box 431,                                                                Bedfordview; 2008                                                      Tel:011 607 9557; Fax:011 616 8410                    E-mail:admin@saiie.co.za"
South African Journal of Information Management,2078-1865,1560-683X,"AOSIS, Postnet Suite #110, Private Bag X19, Durbanville, South Africa, 7551
Tel: 086 1000 381 
Tel: +27 21 975 2602 
Fax: 086 5004 974"
South African Journal of Library and Information Science,0256-8861,2304-8263,"Library and Information Studies Centre, University of Cape Town, Private Bag X 3, Rondebosch,7701                         "
South African Journal of Occupational Therapy,0038-2337,2310-3833,CROWN
South African Journal of Philosophy ,0258-0136,2073-4867,Routledge
South African Journal of Physiotherapy,0379-6175,2410-8219,"AOSIS OpenJournals, Postnet Suite #110, Private Bag X19, Durbanville, South Africa, 7551
Tel: 086 1000 381 
Tel: +27 21 975 2602 
Fax: 086 5004 974"
South African Journal of Plant and Soil,0257-1862,2167-034x,"Co-published by National Inquiry Services Centre, Pty Ltd and Taylor and Francis"
South African Journal of Psychiatry,1608-9685,2078-6786,"AOSIS OpenJournals, Postnet Suite #110, Private Bag X19, Durbanville, South Africa, 7551
Tel: 086 1000 381 
Tel: +27 21 975 2602 
Fax: 086 5004 974"
South African Journal of Psychology                                        ,0081-2463 ,,"PsySSA, PO Box 989, Houghton, 2041"
South African Journal of Science ,0038-2353,1996-7489,"Academy of Science of SA, PO Box 72135, Lynnwood Ridge, 0040, Tel. 012 843 6482/95"
South African Journal of Sport Medicine,1015-5163,2078-516X,ASSAF OJS
South African Journal on Human Rights,0258-7203,,"Juta Law, PO Box 24299, Landsdowne, 7779, Tel: 021 763 3500, Fax: 021 761 5861, Email: cserv@juta.co.za"
South African Museums Association Bulletin (SAMAB),0258-5049,,"SAMAB                                                                        P.O.Box 29294                                                 Sunnyside,Pretoria,0132"
South African Ophthalmology Journal,2218-8304,,"New Media,a division of Media24 (Pty)Ltd                PO Box 440                                                            Green Point                                                          Cape Town                                                                      8051"
South African Orthopaedic Journal,1681-150X,,"Department of Orthopedics                                        Private Bag X169,                             Pretoria,                                              0001                                              Tel: 012 354 6274,                                 Fax: 012 354 6164                                               "
South African Review of Sociology (Society in Transition),2152-8586,2072-1978,Co-published by UNISA Press and Routledge                                                                                                                                  
South African Statistical Journal,0038-271X,1996-8450,South African Statistical Association
South African Theatre  Journal,1013-7548,2163-7660,Routledge
South African Yearbook of International Law,0379-8895,,"The Verloren van Themmat Centre for Public Law Studies                                                               UNISA                                                                       P.O.Box 392                                                     Pretoria, 0003"
Southern African Business Review,,1998-8125,UNISA  Press                                                                                                                                                                                                         
Southern African Humanities (Natal Museum Journal of Humanities),1681-5564,,Council of the Natal Museum. 
Southern African Journal for Folklore Studies,1016-8427,2663-6697,"Southern African Folklore Society                             Office of the Scientific Editor                                         Southern African Journal for Folklore Studies, Postnet Suite 15 Private Bag X25                                                   Sunnyside, 0132"
Southern African Journal of Accountability and Auditing Research,1028-9011,,"The Southern African Institute of Government Auditors (SAIGA), 5 Bauhinia Street, Block A, Cambridge Officepark Technopark, Highveld Centurion                                                                                                                                                       Tel: 012 004 0741; Fax: 012 362 1418                                 E-mail:admin@saiga.co.za"
Southern African Journal of Anaesthesia and Analgesia,2220-1181,2220-1173,"Medpharm Publications Centurion Wine and Arts Centre, 123 Amkor Road, Lyttleton Mannor, 0140         info@medpharm.co.za"
Southern African Journal of Critical Care,1562-8264,,"Health & Medical Publishing Group Private Bag X1, Pinelands, 7430                                                            Tel: 021 657 8212;                           Fax: 021 683 4509"
Southern African Journal of Demography,1682-4482,,The Demographic Association of South Africa;c/o Postnet Suite #175                                               Private Bag X855                                             Pretoria; 0001                                                             Tel:  012 331 6492;                Fax: 012 331 6494                                               E-mail:melpot@iafrica.com
Southern African Journal of Entrepreneurship and Small Business Management,2522-7343,2071-3185,"AOSIS OpenJournals, Postnet Suite #110, Private Bag X19, Durbanville, South Africa, 7551
Tel: 086 1000 381 
Tel: +27 21 975 2602 
Fax: 086 5004 974"
Southern African Journal of Environmental Education (SAJEE),0256-7504, 2411-5959,"Environmental Education Association of SA;
c/o Rhodes University
PO Box 94, Makhanda, Eastern Cape, 6139
Tel: (046) 603 8389
Email: eeasa@eeasa.org.za
Email: c.royle@ru.ac.za
"
Southern African Journal of Gynaecological Oncology (Formerly South African Society of Gynaecologic Oncology),2074-2835,2220-105x,"Medpharm Publications Centurion Wine and Arts Centre, 123 Amkor Road, Lyttleton Mannor, 0140   info@medpharm.co.za"
Southern African Journal of Infectious Diseases (Formelry Southern African Journal of Epidemiology and Infection),2312-0053,2313-1810,0
Southern African Journal of Medieval and Renaissance Studies,1017-3455,,"Southern African Journal of Medieval and Renaissance Studies                                              Department of English                                                  University of the Witwatersrand                                      Private Bag 3                                                                      Wits, 2050"
Southern African Journal of Social Work and Social Development (Formelry Social Work Practitioner Researcher),0520-0097,2415-5829,"P.O.Box 424                                                                   Auckland Park, 2006"
Southern African Linguistics And Applied Language Studies ,1607-3614 ,1727-9461,Routledge
Southern African Public Law (SA Public Law),2219-6412,2522-6800,"VerLoren van Themaat Centre for Public Law Studies                                   UNISA, P.O. Box 392, Pretoria, 0003                           Tel: 012 429 8359; Fax: 012 429 8587                                                         "
Southern African Review of Education,1563-4418,,"Southern African Comparative and History of Education Society                                                     University of Pretoria                                                     Faculty of Education                                                Groenkloof Campus, Pretoria,0001"
Southern Forests:  A Journal of Forest Science (Southern Hemisphere Forestry Journal),2070-2620,2070-2639,"Co-published by National Inquiry Services Centre, Pty Ltd and Taylor and Francis"
Southern Journal for Contemporary History (Formerly Journal for Contemporary History),0258-2422,,Department of History                                                            University of the Free State                            Tel: 051 401 2330; Fax: 051 448 3942                      E-mail:barnards.hum@mail.uovs.ac.za
Speculum Juris,0584-8652,2523-2177,Lexis Nexis Butterworths
Spil:Stellenbosch Papers in Linguistics,1027-3417,,"Department of General Linguistics                                        University of Stellenbosch                                                   Private Bag X1                                                          Matieland, 7602,                                                    Stellenbosch"
Spil:Stellenbosch Papers in Linguistics,1027-3417,,"Department of General Linguistics                                        University of Stellenbosch                                                   Private Bag X1                                                          Matieland, 7602,                                                    Stellenbosch"
Stellenbosch Law Review,1016-4359,1996-2193,Juta and Co                                Email: pvanaardt@juta.co.za                                                                    
Stellenbosch Theological Journal/ Stellenbosch Teologiese Joernaal (STJ). (Formelry NGTT: Ned Geref Teologiese Tydskrif),2413-9459,2413-9467,"NGTT, Theology Faculty                                                               University of Stellenbosch                                                       Private Bag X1                        Matieland                                                7602"
Stilet: Tydskrif vir die Afrikaanse Letterkundevereniging,1013-4573,,"Afrikaanse Letterkundevereeniging                    P.O.Box 339                                                        Bloemfontein, 9300"
South African Field Archaelogy,1019-5785,2789-1844,University of Johannesburg Press. Email: wikusvz@uj.ac.za
Strategic Review for Southern Africa (ISSUP Strategic Review),1013-1108,,"Institute for Strategic Studies, University of Pretoria, Pretoria, 0002; Email: wilma.martin@up.ac.za; Tel: 012 420 2407/2034; Fax: 012 420 2693"
Studia Historiae Ecclesiasticae: Journal of the Church History Society of Southern Africa,1017-0499,,"School of Ecclesiastical Sciences                                           PU for CHE                                                                         P.O.Box 20004                                                          Noordburg, 2522"
The Wits Journal of Clinical Medicine,2618-0189,,"Wits University Press, Jan Smuts Avenue, Braamfontein, Johannesburg"
The African Journal of Information and Communication,2077-7205,2077-7213,"LINK Centre, School of Literature Language and Media, Wits University"
The African Vision and Eye Health (Fomerly South African Optometrist),2413-3183,2410-1516,"AOSIS OpenJournals, Postnet Suite #110, Private Bag X19, Durbanville, South Africa, 7551
Tel: 086 1000 381 
Tel: +27 21 975 2602 
Fax: 086 5004 974"
The Independent journal of teaching and learning,1818-9687,2519-5670,"Inanda Greens Business Park , 54 Wierda Road West, Wierda Valley, Santon, South Africa, , Tel: (011) 676 8021"
The Retail and Marketing Review (International Retail and Marketing Review),2708-3209,,UNISA Department of Marketing and  Retail Management   Department of Marketing and Retail Management    College of Economic and Management Sciences AJH van der Waldt Building Preller         Street  Muckleneuk       Pretoria                         0003
Theologia Viatorum:Journal of Theology and Religion in Africa,0378-4142,2664-2980 ,0
Theoria: A Journal of Social and Political Theory,0040-5817,1558-5816,"PO Box 50324, Randjesfontein, 1683, email: deacon@ukzn.ac.za
"
Town and Regional Planning,1012-280x,2415-0495,"SUN Media, Bloemfontein, Email:admin@sunbloem.co.za"
Transactions of the Royal Society of South Africa,0035-919X,2154-0098,Co-published by Taylor and Francis and UNISA Press
Transformation in Higher Education,2415-0991,2519-5638,"AOSIS (PTY) Ltd                                                            Postnet Suite #110                                            Private Bag X19                                                                  Durbanville,Cape Town                                                          South Africa ,7550   "
Tydskrif vir Christelike Wetenskap,1013-1116,,"Vereniging vir Christelike Hoer Onderwys,UOVS                                                           P.O.Box 339                                                    Bloemfontein, 9300"
Tydskrif vir Geesteswetenskappe,0041-4751,' 2224-7912,"South african Academy for Science and Arts, 574 Ziervogel Street                                             Arcadia,0007                                                                Tel:  012 328 5082                                                     Fax: 012 328 5091                                                             E-mail:akademie@akademie.co.za"
Tydskrif vir Letterkunde ,0041-476x ,2309-9070 ,"Department of Afrikaans, Humanities Building 15-14, Faculty of Humanities, University of Pretoria, Hatfield Campus, Pretoria, 0002"
Tydskrif vir Nederlands en Afrikaans,1022-6966,,
Verbum et Ecclesia (Skrif en Kerk),1609-9982,2074-7705,"AOSIS, Postnet Suite #110, Private Bag X19, Durbanville, South Africa, 7551
Tel: 086 1000 381 
Tel: +27 21 975 2602 
Fax: 086 5004 974"
Wound Healing Southern Africa,2076-8893,,Medpharm Publications
"Vir die Musiekleier /To the Director of Music



",1999-3412,,"Southern African Church
and Concert Organist Society (SAKOV)
Postnet Suite 011
Private Bag X21
QUEENSWOOD, 0121
"
Yesterday & Today,2223-0386,2309-9003,"Yesterday & Today, Department of Humanities Education, Faculty of Education, University of Pretoria, Private Bag X20, Hatfield, 0028.
"
