Journal Title,eISSN,Open Access Status,Included in R&P agreement,Explanation if not included,Subject,Publisher,Agreement Duration
Compensation & Benefits Review,1552-3837,Hybrid,Y,,Business & Management,SAGE,2025-2027
American Behavioral Scientist,1552-3381,Hybrid,Y,,"Psychology, Psychiatry & Counseling",SAGE,2025-2027
Urban Affairs Review,1552-8332,Hybrid,Y,,"Geography, Earth & Environmental Science",SAGE,2025-2027
Comparative Political Studies,1552-3829,Hybrid,Y,,Political Science & International Relations,SAGE,2025-2027
Administration & Society,1552-3039,Hybrid,Y,,Political Science & International Relations,SAGE,2025-2027
Environment and Behavior,1552-390X,Hybrid,Y,,"Psychology, Psychiatry & Counseling",SAGE,2025-2027
Simulation & Gaming,1552-826X,Hybrid,Y,,Science & Society Studies,SAGE,2025-2027
Education and Urban Society,1552-3535,Hybrid,Y,,Education,SAGE,2025-2027
Urban Education,1552-8340,Hybrid,Y,,Education,SAGE,2025-2027
Small Group Research,1552-8278,Hybrid,Y,,Business & Management,SAGE,2025-2027
Youth & Society,1552-8499,Hybrid,Y,,Sociology,SAGE,2025-2027
Journal of Black Studies,1552-4566,Hybrid,Y,,Area & Ethnic Studies,SAGE,2025-2027
Economic Development Quarterly,1552-3543,Hybrid,Y,,Economics & Development Studies,SAGE,2025-2027
Gender & Society,1552-3977,Hybrid,Y,,Sociology,SAGE,2025-2027
Management Communication Quarterly,1552-6798,Hybrid,Y,,Business & Management,SAGE,2025-2027
Journal of Contemporary Ethnography,1552-5414,Hybrid,Y,,Sociology,SAGE,2025-2027
Sociological Methods & Research,1552-8294,Hybrid,Y,,Research Methods & Evaluation,SAGE,2025-2027
Journal of Conflict Resolution,1552-8766,Hybrid,Y,,Political Science & International Relations,SAGE,2025-2027
American Politics Research,1552-3373,Hybrid,Y,,Political Science & International Relations,SAGE,2025-2027
Political Theory,1552-7476,Hybrid,Y,,Political Science & International Relations,SAGE,2025-2027
Public Finance Review,1552-7530,Hybrid,Y,,Economics & Development Studies,SAGE,2025-2027
Journal of Cross-Cultural Psychology,1552-5422,Hybrid,Y,,"Psychology, Psychiatry & Counseling",SAGE,2025-2027
Communication Research,1552-3810,Hybrid,Y,,Communication & Media Studies,SAGE,2025-2027
Work and Occupations,1552-8464,Hybrid,Y,,Sociology,SAGE,2025-2027
China Report,0973-063X,Hybrid,Y,,Area & Ethnic Studies,SAGE,2025-2027
Studies in History,0973-080X,Hybrid,Y,,History,SAGE,2025-2027
Criminal Justice and Behavior,1552-3594,Hybrid,Y,,Criminology & Criminal Justice,SAGE,2025-2027
Affilia,1552-3020,Hybrid,Y,,Sociology,SAGE,2025-2027
Journal of Aging and Health,1552-6887,Hybrid,Y,,Aging & Gerontology,SAGE,2025-2027
"Science, Technology, & Human Values",1552-8251,Hybrid,Y,,Science & Society Studies,SAGE,2025-2027
Journal of Interpersonal Violence,1552-6518,Hybrid,Y,,Criminology & Criminal Justice,SAGE,2025-2027
International Studies,0973-0702,Hybrid,Y,,Political Science & International Relations,SAGE,2025-2027
Journal of Urban History,1552-6771,Hybrid,Y,,History,SAGE,2025-2027
Modern China,1552-6836,Hybrid,Y,,Area & Ethnic Studies,SAGE,2025-2027
Behavior Modification,1552-4167,Hybrid,Y,,"Psychology, Psychiatry & Counseling",SAGE,2025-2027
Evaluation Review,1552-3926,Hybrid,Y,,Research Methods & Evaluation,SAGE,2025-2027
Psychology and Developing Societies,0973-0761,Hybrid,Y,,"Psychology, Psychiatry & Counseling",SAGE,2025-2027
Hispanic Journal of Behavioral Sciences,1552-6364,Hybrid,Y,,"Psychology, Psychiatry & Counseling",SAGE,2025-2027
Journal of Adolescent Research,1552-6895,Hybrid,Y,,"Psychology, Psychiatry & Counseling",SAGE,2025-2027
Evaluation & the Health Professions,1552-3918,Hybrid,Y,,Public Health,SAGE,2025-2027
The Journal of Early Adolescence,1552-5449,Hybrid,Y,,Sociology,SAGE,2025-2027
Research on Aging,1552-7573,Hybrid,Y,,Aging & Gerontology,SAGE,2025-2027
Science Communication,1552-8545,Hybrid,Y,,Communication & Media Studies,SAGE,2025-2027
Philosophy of the Social Sciences,1552-7441,Hybrid,Y,,Arts & Humanities,SAGE,2025-2027
Personality and Social Psychology Bulletin,1552-7433,Hybrid,Y,,"Psychology, Psychiatry & Counseling",SAGE,2025-2027
Qualitative Health Research,1552-7557,Hybrid,Y,,Other Health Specialties,SAGE,2025-2027
Journal of Family Issues,1552-5481,Hybrid,Y,,Sociology,SAGE,2025-2027
Journal of Humanistic Psychology,1552-650X,Hybrid,Y,,"Psychology, Psychiatry & Counseling",SAGE,2025-2027
Group & Organization Management,1552-3993,Hybrid,Y,,Business & Management,SAGE,2025-2027
Educational Administration Quarterly,1552-3519,Hybrid,Y,,Education,SAGE,2025-2027
The Indian Economic and Social History Review,0973-0893,Hybrid,Y,,Area & Ethnic Studies,SAGE,2025-2027
Latin American Perspectives,1552-678X,Hybrid,Y,,Political Science & International Relations,SAGE,2025-2027
Contributions to Indian Sociology,0973-0648,Hybrid,Y,,Sociology,SAGE,2025-2027
Written Communication,1552-8472,Hybrid,Y,,Communication & Media Studies,SAGE,2025-2027
Crime & Delinquency,1552-387X,Hybrid,Y,,Criminology & Criminal Justice,SAGE,2025-2027
Journal of Research in Crime and Delinquency,1552-731X,Hybrid,Y,,Criminology & Criminal Justice,SAGE,2025-2027
The Counseling Psychologist,1552-3861,Hybrid,Y,,"Psychology, Psychiatry & Counseling",SAGE,2025-2027
Western Journal of Nursing Research,1552-8456,Hybrid,Y,,Nursing,SAGE,2025-2027
Journal of Applied Gerontology,1552-4523,Hybrid,Y,,Aging & Gerontology,SAGE,2025-2027
Research on Social Work Practice,1552-7581,Hybrid,Y,,"Psychology, Psychiatry & Counseling",SAGE,2025-2027
Journal of Business and Technical Communication,1552-4574,Hybrid,Y,,Business & Management,SAGE,2025-2027
Journal of Planning Literature,1552-6593,Hybrid,Y,,"Geography, Earth & Environmental Science",SAGE,2025-2027
Educational Policy,1552-3896,Hybrid,Y,,Education,SAGE,2025-2027
Journal of Management Education,1552-6658,Hybrid,Y,,Business & Management,SAGE,2025-2027
Journal of Management Inquiry,1552-6542,Hybrid,Y,,Business & Management,SAGE,2025-2027
The Journal of Applied Behavioral Science,1552-6879,Hybrid,Y,,Business & Management,SAGE,2025-2027
Clinical Nursing Research,1552-3799,Hybrid,Y,,Nursing,SAGE,2025-2027
Journal of Holistic Nursing,1552-5724,Hybrid,Y,,Other Health Specialties,SAGE,2025-2027
Politics & Society,1552-7514,Hybrid,Y,,Political Science & International Relations,SAGE,2025-2027
The ANNALS of the American Academy of Political and Social Science,1552-3349,Hybrid,Y,,Political Science & International Relations,SAGE,2025-2027
The Journal of Entrepreneurship,0973-0745,Hybrid,Y,,Business & Management,SAGE,2025-2027
Journal of Black Psychology,1552-4558,Hybrid,Y,,"Psychology, Psychiatry & Counseling",SAGE,2025-2027
Journal of Language and Social Psychology,1552-6526,Hybrid,Y,,Language & Linguistics,SAGE,2025-2027
The Prison Journal,1552-7522,Hybrid,Y,,Criminology & Criminal Justice,SAGE,2025-2027
Cross-Cultural Research,1552-3578,Hybrid,Y,,Sociology,SAGE,2025-2027
Indian Journal of Gender Studies,0973-0672,Hybrid,Y,,Sociology,SAGE,2025-2027
Business & Society,1552-4205,Hybrid,Y,,Business & Management,SAGE,2025-2027
Journal of Sport and Social Issues,1552-7638,Hybrid,Y,,Sociology,SAGE,2025-2027
Educational and Psychological Measurement,1552-3888,Hybrid,Y,,Research Methods & Evaluation,SAGE,2025-2027
Journal of Family Nursing,1552-549X,Hybrid,Y,,Public Health,SAGE,2025-2027
Medical Care Research and Review,1552-6801,Hybrid,Y,,Public Health,SAGE,2025-2027
Health Education & Behavior,1552-6127,Hybrid,Y,,Public Health,SAGE,2025-2027
Violence Against Women,1552-8448,Hybrid,Y,,Criminology & Criminal Justice,SAGE,2025-2027
Qualitative Inquiry,1552-7565,Hybrid,Y,,Research Methods & Evaluation,SAGE,2025-2027
Journal of Vibration and Control,1741-2986,Hybrid,Y,,Materials Science & Engineering,SAGE,2025-2027
Journal of Human Values,0973-0737,Hybrid,Y,,Business & Management,SAGE,2025-2027
Journal of Teacher Education,1552-7816,Hybrid,Y,,Education,SAGE,2025-2027
South Asian Survey,0973-0788,Hybrid,Y,,Area & Ethnic Studies,SAGE,2025-2027
Journal of Biological Rhythms,1552-4531,Hybrid,Y,,Neurology,SAGE,2025-2027
Journal of Family History,1552-5473,Hybrid,Y,,Sociology,SAGE,2025-2027
Child Maltreatment,1552-6119,Hybrid,Y,,Criminology & Criminal Justice,SAGE,2025-2027
Mathematics and Mechanics of Solids,1741-3028,Hybrid,Y,,Materials Science & Engineering,SAGE,2025-2027
Organization & Environment,1552-7417,Hybrid,Y,,Business & Management,SAGE,2025-2027
Journal of English Linguistics,1552-5457,Hybrid,Y,,Language & Linguistics,SAGE,2025-2027
International Journal of Offender Therapy and Comparative Criminology,1552-6933,Hybrid,Y,,Criminology & Criminal Justice,SAGE,2025-2027
The Journal of Environment & Development,1552-5465,Hybrid,Y,,Political Science & International Relations,SAGE,2025-2027
"Science, Technology and Society",0973-0796,Hybrid,Y,,Sociology,SAGE,2025-2027
Social Science Computer Review,1552-8286,Hybrid,Y,,Science & Society Studies,SAGE,2025-2027
Nonprofit and Voluntary Sector Quarterly,1552-7395,Hybrid,Y,,Political Science & International Relations,SAGE,2025-2027
Public Works Management & Policy,1552-7549,Hybrid,Y,,Political Science & International Relations,SAGE,2025-2027
Homicide Studies,1552-6720,Hybrid,Y,,Criminology & Criminal Justice,SAGE,2025-2027
The International Journal of High Performance Computing Applications,1741-2846,Hybrid,Y,,Materials Science & Engineering,SAGE,2025-2027
Journal of Contemporary Criminal Justice,1552-5406,Hybrid,Y,,Criminology & Criminal Justice,SAGE,2025-2027
Applied Psychological Measurement,1552-3497,Hybrid,Y,,"Psychology, Psychiatry & Counseling",SAGE,2025-2027
The American Review of Public Administration,1552-3357,Hybrid,Y,,Political Science & International Relations,SAGE,2025-2027
Journal of Service Research,1552-7379,Hybrid,Y,,Marketing & Hospitality,SAGE,2025-2027
Organizational Research Methods,1552-7425,Hybrid,Y,,Business & Management,SAGE,2025-2027
The International Journal of Robotics Research,1741-3176,Hybrid,Y,,Materials Science & Engineering,SAGE,2025-2027
The Medieval History Journal,0973-0753,Hybrid,Y,,History,SAGE,2025-2027
"Illness, Crisis & Loss",1552-6968,Hybrid,Y,,"Psychology, Psychiatry & Counseling",SAGE,2025-2027
Journal of Communication Inquiry,1552-4612,Hybrid,Y,,Communication & Media Studies,SAGE,2025-2027
Men and Masculinities,1552-6828,Hybrid,Y,,Sociology,SAGE,2025-2027
"Bulletin of Science, Technology & Society",1552-4183,Hybrid,Y,,Sociology,SAGE,2025-2027
South Asia Research,1741-3141,Hybrid,Y,,Area & Ethnic Studies,SAGE,2025-2027
The Family Journal,1552-3950,Hybrid,Y,,"Psychology, Psychiatry & Counseling",SAGE,2025-2027
Journal of Travel Research,1552-6763,Hybrid,Y,,Marketing & Hospitality,SAGE,2025-2027
Journal of Macromarketing,1552-6534,Hybrid,Y,,Marketing & Hospitality,SAGE,2025-2027
Journal of Marketing Education,1552-6550,Hybrid,Y,,Marketing & Hospitality,SAGE,2025-2027
Biological Research For Nursing,1552-4175,Hybrid,Y,,Nursing,SAGE,2025-2027
Journal of Health Management,0973-0729,Hybrid,Y,,Business & Management,SAGE,2025-2027
Journal of Hospitality & Tourism Research,1557-7554,Hybrid,Y,,Marketing & Hospitality,SAGE,2025-2027
Nursing Science Quarterly,1552-7409,Hybrid,Y,,Nursing,SAGE,2025-2027
Journal of Transcultural Nursing,1552-7832,Hybrid,Y,,Nursing,SAGE,2025-2027
"Trauma, Violence, & Abuse",1552-8324,Hybrid,Y,,Criminology & Criminal Justice,SAGE,2025-2027
Health Promotion Practice,1552-6372,Hybrid,Y,,Public Health,SAGE,2025-2027
Field Methods,1552-3969,Hybrid,Y,,Research Methods & Evaluation,SAGE,2025-2027
International Regional Science Review,1552-6925,Hybrid,Y,,"Geography, Earth & Environmental Science",SAGE,2025-2027
Television & New Media,1552-8316,Hybrid,Y,,Communication & Media Studies,SAGE,2025-2027
Journal of Sports Economics,1552-7794,Hybrid,Y,,Economics & Development Studies,SAGE,2025-2027
"Policy, Politics, & Nursing Practice",1552-7468,Hybrid,Y,,Nursing,SAGE,2025-2027
Adult Education Quarterly,1552-3047,Hybrid,Y,,Education,SAGE,2025-2027
Journal of Human Lactation,1552-5732,Hybrid,Y,,Nursing,SAGE,2025-2027
The Neuroscientist,1089-4098,Hybrid,Y,,Neurology,SAGE,2025-2027
Medical Decision Making,1552-681X,Hybrid,Y,,Public Health,SAGE,2025-2027
Police Quarterly,1552-745X,Hybrid,Y,,Criminology & Criminal Justice,SAGE,2025-2027
Criminal Justice Policy Review,1552-3586,Hybrid,Y,,Criminology & Criminal Justice,SAGE,2025-2027
Journal of Diagnostic Medical Sonography,1552-5430,Hybrid,Y,,Clinical Medicine,SAGE,2025-2027
Journal of Planning Education and Research,1552-6577,Hybrid,Y,,"Geography, Earth & Environmental Science",SAGE,2025-2027
Cultural Studies ↔ Critical Methodologies,1552-356X,Hybrid,Y,,Cultural Studies,SAGE,2025-2027
Clinical Case Studies,1552-3802,Hybrid,Y,,"Psychology, Psychiatry & Counseling",SAGE,2025-2027
Journal of Studies in International Education,1552-7808,Hybrid,Y,,Education,SAGE,2025-2027
Human Resource Development Review,1552-6712,Hybrid,Y,,Business & Management,SAGE,2025-2027
Advances in Developing Human Resources,1552-3055,Hybrid,Y,,Business & Management,SAGE,2025-2027
The International Journal of Press/Politics,1940-1620,Hybrid,Y,,Communication & Media Studies,SAGE,2025-2027
The International Journal of Lower Extremity Wounds,1552-6941,Hybrid,Y,,Cardiology & Cardiovascular Medicine,SAGE,2025-2027
Home Health Care Management & Practice,1552-6739,Hybrid,Y,,Public Health,SAGE,2025-2027
Review of Public Personnel Administration,1552-759X,Hybrid,Y,,Political Science & International Relations,SAGE,2025-2027
Clin-Alert,1530-812X,Hybrid,Y,,Pharmacology & Toxicology,SAGE,2025-2027
Journal of Pharmacy Practice,1531-1937,Hybrid,Y,,Pharmacology & Toxicology,SAGE,2025-2027
Journal of Hispanic Higher Education,1552-5716,Hybrid,Y,,Education,SAGE,2025-2027
Journal of Planning History,1552-6585,Hybrid,Y,,History,SAGE,2025-2027
Journal of Career Assessment,1552-4590,Hybrid,Y,,"Psychology, Psychiatry & Counseling",SAGE,2025-2027
Assessment,1552-3489,Hybrid,Y,,"Psychology, Psychiatry & Counseling",SAGE,2025-2027
Space and Culture,1552-8308,Hybrid,Y,,"Geography, Earth & Environmental Science",SAGE,2025-2027
Youth Violence and Juvenile Justice,1556-9330,Hybrid,Y,,Criminology & Criminal Justice,SAGE,2025-2027
Neurorehabilitation and Neural Repair,1552-6844,Hybrid,Y,,Neurology,SAGE,2025-2027
Journal of Intensive Care Medicine,1525-1489,Hybrid,Y,,Clinical Medicine,SAGE,2025-2027
Journal of Transformative Education,1552-7840,Hybrid,Y,,Education,SAGE,2025-2027
East European Politics and Societies,1533-8371,Hybrid,Y,,Political Science & International Relations,SAGE,2025-2027
Review of Radical Political Economics,1552-8502,Hybrid,Y,,Economics & Development Studies,SAGE,2025-2027
Journal of Geriatric Psychiatry and Neurology,1552-5708,Hybrid,Y,,Aging & Gerontology,SAGE,2025-2027
International Journal of Business Communication,2329-4892,Hybrid,Y,,Communication & Media Studies,SAGE,2025-2027
Business and Professional Communication Quarterly,2329-4922,Hybrid,Y,,Business & Management,SAGE,2025-2027
Journal of Pediatric Hematology/Oncology Nursing,2752-7549,Hybrid,Y,,Nursing,SAGE,2025-2027
The American Journal of Sports Medicine,1552-3365,Hybrid,Y,,"Orthopedics, Biomechanics & Sports Medicine",SAGE,2025-2027
Cornell Hospitality Quarterly,1938-9663,Hybrid,Y,,Marketing & Hospitality,SAGE,2025-2027
Journal of the American Psychiatric Nurses Association,1532-5725,Hybrid,Y,,Nursing,SAGE,2025-2027
Journal of Management,1557-1211,Hybrid,Y,,Business & Management,SAGE,2025-2027
Criminal Justice Review,1556-3839,Hybrid,Y,,Criminology & Criminal Justice,SAGE,2025-2027
International Criminal Justice Review,1556-3855,Hybrid,Y,,Criminology & Criminal Justice,SAGE,2025-2027
American Journal of Evaluation,1557-0878,Hybrid,Y,,Research Methods & Evaluation,SAGE,2025-2027
Armed Forces & Society,1556-0848,Hybrid,Y,,Political Science & International Relations,SAGE,2025-2027
The Science of Diabetes Self-Management and Care,2635-0114,Hybrid,Y,,Clinical Medicine,SAGE,2025-2027
Journal of Career Development,1556-0856,Hybrid,Y,,Business & Management,SAGE,2025-2027
Games and Culture,1555-4139,Hybrid,Y,,Sociology,SAGE,2025-2027
Journal of Attention Disorders,1557-1246,Hybrid,Y,,"Psychology, Psychiatry & Counseling",SAGE,2025-2027
Feminist Criminology,1557-086X,Hybrid,Y,,Criminology & Criminal Justice,SAGE,2025-2027
Journal of Cases in Educational Leadership,1555-4589,Hybrid,Y,,Education,SAGE,2025-2027
Journal of Psychoeducational Assessment,1557-5144,Hybrid,Y,,"Psychology, Psychiatry & Counseling",SAGE,2025-2027
Journal of Mixed Methods Research,1558-6901,Hybrid,Y,,Research Methods & Evaluation,SAGE,2025-2027
Personality and Social Psychology Review,1532-7957,Hybrid,Y,,"Psychology, Psychiatry & Counseling",SAGE,2025-2027
American Journal of Lifestyle Medicine,1559-8284,Hybrid,Y,,Clinical Medicine,SAGE,2025-2027
Angiology,1940-1574,Hybrid,Y,,Cardiology & Cardiovascular Medicine,SAGE,2025-2027
Clinical Pediatrics,1938-2707,Hybrid,Y,,Clinical Medicine,SAGE,2025-2027
International Journal of Surgical Pathology,1940-2465,Hybrid,Y,,Cardiology & Cardiovascular Medicine,SAGE,2025-2027
Seminars in Cardiothoracic and Vascular Anesthesia,1940-5596,Hybrid,Y,,Cardiology & Cardiovascular Medicine,SAGE,2025-2027
Surgical Innovation,1553-3514,Hybrid,Y,,Clinical Medicine,SAGE,2025-2027
Vascular and Endovascular Surgery,1938-9116,Hybrid,Y,,Cardiology & Cardiovascular Medicine,SAGE,2025-2027
American Journal of Hospice and Palliative Medicine®,1938-2715,Hybrid,Y,,Clinical Medicine,SAGE,2025-2027
Community College Review,1940-2325,Hybrid,Y,,Education,SAGE,2025-2027
Clothing and Textiles Research Journal,1940-2473,Hybrid,Y,,Business & Management,SAGE,2025-2027
Political Research Quarterly,1938-274X,Hybrid,Y,,Political Science & International Relations,SAGE,2025-2027
Canadian Journal of School Psychology,2154-3984,Hybrid,Y,,"Psychology, Psychiatry & Counseling",SAGE,2025-2027
Asia Pacific Journal of Public Health,1941-2479,Hybrid,Y,,Public Health,SAGE,2025-2027
Gifted Child Quarterly,1934-9041,Hybrid,Y,,Education,SAGE,2025-2027
American Educational Research Journal,1935-1011,Hybrid,Y,,Education,SAGE,2025-2027
Educational Evaluation and Policy Analysis,1935-1062,Hybrid,Y,,Education,SAGE,2025-2027
Educational Researcher,1935-102X,Hybrid,Y,,Education,SAGE,2025-2027
Review of Educational Research,1935-1046,Hybrid,Y,,Education,SAGE,2025-2027
Review of Research in Education,1935-1038,Hybrid,Y,,Education,SAGE,2025-2027
Journal of Educational and Behavioral Statistics,1935-1054,Hybrid,Y,,Education,SAGE,2025-2027
Labor Studies Journal,1538-9758,Hybrid,Y,,Business & Management,SAGE,2025-2027
Journal of Leadership & Organizational Studies,1939-7089,Hybrid,Y,,Business & Management,SAGE,2025-2027
Journal of Child Neurology,1708-8283,Hybrid,Y,,Neurology,SAGE,2025-2027
Foot & Ankle Specialist,1938-7636,Hybrid,Y,,"Orthopedics, Biomechanics & Sports Medicine",SAGE,2025-2027
Sexual Abuse,1573-286X,Hybrid,Y,,Criminology & Criminal Justice,SAGE,2025-2027
Toxicologic Pathology,1533-1601,Hybrid,Y,,Pharmacology & Toxicology,SAGE,2025-2027
Assessment for Effective Intervention,1938-7458,Hybrid,Y,,Education,SAGE,2025-2027
Career Development and Transition for Exceptional Individuals,2165-1442,Hybrid,Y,,Education,SAGE,2025-2027
Communication Disorders Quarterly,1538-4837,Hybrid,Y,,Education,SAGE,2025-2027
Focus on Autism and Other Developmental Disabilities,1538-4829,Hybrid,Y,,Education,SAGE,2025-2027
Intervention in School and Clinic,1538-4810,Hybrid,Y,,Education,SAGE,2025-2027
Journal of Disability Policy Studies,1538-4802,Hybrid,Y,,Education,SAGE,2025-2027
Journal of Emotional and Behavioral Disorders,1538-4799,Hybrid,Y,,Education,SAGE,2025-2027
Journal of Learning Disabilities,1538-4780,Hybrid,Y,,Education,SAGE,2025-2027
Journal of Positive Behavior Interventions,1538-4772,Hybrid,Y,,Education,SAGE,2025-2027
The Journal of Special Education,1538-4764,Hybrid,Y,,Education,SAGE,2025-2027
Rehabilitation Counseling Bulletin,1538-4853,Hybrid,Y,,Education,SAGE,2025-2027
Remedial and Special Education,1538-4756,Hybrid,Y,,Education,SAGE,2025-2027
Topics in Early Childhood Special Education,1538-4845,Hybrid,Y,,Education,SAGE,2025-2027
Word of Mouth,2154-3941,Hybrid,Y,,Education,SAGE,2025-2027
Journal of Early Intervention,2154-3992,Hybrid,Y,,Education,SAGE,2025-2027
Young Exceptional Children,2154-400X,Hybrid,Y,,Education,SAGE,2025-2027
Journal of General Music Education,2752-7646,Hybrid,Y,,Education,SAGE,2025-2027
Journal of Music Teacher Education,1945-0079,Hybrid,Y,,Education,SAGE,2025-2027
Journal of Research in Music Education,1945-0095,Hybrid,Y,,Education,SAGE,2025-2027
Update: Applications of Research in Music Education,1945-0109,Hybrid,Y,,Education,SAGE,2025-2027
Journal of the American Psychoanalytic Association,1941-2460,Hybrid,Y,,"Psychology, Psychiatry & Counseling",SAGE,2025-2027
Music Educators Journal,1945-0087,Hybrid,Y,,Education,SAGE,2025-2027
Family Business Review,1741-6248,Hybrid,Y,,Business & Management,SAGE,2025-2027
Sports Health,1941-0921,Hybrid,Y,,"Orthopedics, Biomechanics & Sports Medicine",SAGE,2025-2027
The Journal of School Nursing,1546-8364,Hybrid,Y,,Nursing,SAGE,2025-2027
NASN School Nurse,1942-6038,Hybrid,Y,,Nursing,SAGE,2025-2027
Human Factors,1547-8181,Hybrid,Y,,"Psychology, Psychiatry & Counseling",SAGE,2025-2027
Journal of Dental Research,1544-0591,Hybrid,Y,,Clinical Medicine,SAGE,2025-2027
International Journal of Toxicology,1092-874X,Hybrid,Y,,Pharmacology & Toxicology,SAGE,2025-2027
Critical Reviews in Oral Biology & Medicine,1544-1113,Not Applicable,N,subcription,,SAGE,2025-2027
Advances in Dental Research,1544-0737,Not Applicable,N,subcription,Clinical Medicine,SAGE,2025-2027
Teacher Education and Special Education,1944-4931,Hybrid,Y,,Education,SAGE,2025-2027
Social Psychological and Personality Science,1948-5514,Hybrid,Y,,"Psychology, Psychiatry & Counseling",SAGE,2025-2027
Veterinary Pathology,1544-2217,Hybrid,Y,,Pharmacology & Toxicology,SAGE,2025-2027
Psychological Science,1467-9280,Hybrid,Y,,"Psychology, Psychiatry & Counseling",SAGE,2025-2027
Current Directions in Psychological Science,1467-8721,Hybrid,Y,,"Psychology, Psychiatry & Counseling",SAGE,2025-2027
Perspectives on Psychological Science,1745-6924,Hybrid,Y,,"Psychology, Psychiatry & Counseling",SAGE,2025-2027
Psychological Science in the Public Interest,2160-0031,Hybrid,Y,,"Psychology, Psychiatry & Counseling",SAGE,2025-2027
World Journal for Pediatric and Congenital Heart Surgery,2150-136X,Hybrid,Y,,Cardiology & Cardiovascular Medicine,SAGE,2025-2027
American Sociological Review,1939-8271,Hybrid,Y,,Sociology,SAGE,2025-2027
Contemporary Sociology,1939-8638,Hybrid,Y,,Sociology,SAGE,2025-2027
Journal of Health and Social Behavior,2150-6000,Hybrid,Y,,Sociology,SAGE,2025-2027
Social Psychology Quarterly,1939-8999,Hybrid,Y,,Sociology,SAGE,2025-2027
Sociological Methodology,1467-9531,Hybrid,Y,,Sociology,SAGE,2025-2027
Sociological Theory,1467-9558,Hybrid,Y,,Sociology,SAGE,2025-2027
Teaching Sociology,1939-862X,Hybrid,Y,,Sociology,SAGE,2025-2027
Sociology of Education,1939-8573,Hybrid,Y,,Sociology,SAGE,2025-2027
State and Local Government Review,1943-3409,Hybrid,Y,,Political Science & International Relations,SAGE,2025-2027
Race and Justice,2153-3687,Hybrid,Y,,Criminology & Criminal Justice,SAGE,2025-2027
Electronic News,1931-244X,Hybrid,Y,,Communication & Media Studies,SAGE,2025-2027
Journal of Histochemistry & Cytochemistry,1551-5044,Hybrid,Y,,Life & Biomedical Sciences,SAGE,2025-2027
Society and Mental Health,2156-8731,Hybrid,Y,,Sociology,SAGE,2025-2027
Teaching of Psychology,1532-8023,Hybrid,Y,,"Psychology, Psychiatry & Counseling",SAGE,2025-2027
The Neurohospitalist,1941-8752,Hybrid,Y,,Neurology,SAGE,2025-2027
Psychology of Women Quarterly,1471-6402,Hybrid,Y,,"Psychology, Psychiatry & Counseling",SAGE,2025-2027
Contexts,1537-6052,Hybrid,Y,,Sociology,SAGE,2025-2027
Journal of Cognitive Engineering and Decision Making,-,Hybrid,Y,,"Psychology, Psychiatry & Counseling",SAGE,2025-2027
Ergonomics in Design,-,Hybrid,Y,,"Psychology, Psychiatry & Counseling",SAGE,2025-2027
Proceedings of the Human Factors and Ergonomics Society Annual Meeting,2169-5067,Hybrid,Y,,"Psychology, Psychiatry & Counseling",SAGE,2025-2027
Alternatives,2163-3150,Hybrid,Y,,Political Science & International Relations,SAGE,2025-2027
Journal of Literacy Research,1554-8430,Hybrid,Y,,Education,SAGE,2025-2027
"Journal of Accounting, Auditing & Finance",2160-4061,Hybrid,Y,,Business & Management,SAGE,2025-2027
Journal of Veterinary Diagnostic Investigation,1943-4936,Hybrid,Y,,Other Health Specialties,SAGE,2025-2027
Journal of Applied Social Science,1937-0245,Hybrid,Y,,Sociology,SAGE,2025-2027
Journalism & Mass Communication Quarterly,2161-430X,Hybrid,Y,,Communication & Media Studies,SAGE,2025-2027
Journalism & Mass Communication Educator,2161-4326,Hybrid,Y,,Communication & Media Studies,SAGE,2025-2027
Journalism & Communication Monographs,2161-4342,Hybrid,Y,,Communication & Media Studies,SAGE,2025-2027
Administrative Science Quarterly,1930-3815,Hybrid,Y,,Business & Management,SAGE,2025-2027
Gifted Child Today,2162-951X,Hybrid,Y,,Education,SAGE,2025-2027
Journal for the Education of the Gifted,2162-9501,Hybrid,Y,,Education,SAGE,2025-2027
Journal of Advanced Academics,2162-9536,Hybrid,Y,,Education,SAGE,2025-2027
Social Marketing Quarterly,1539-4093,Hybrid,Y,,Marketing & Hospitality,SAGE,2025-2027
Learning Disability Quarterly,2168-376X,Hybrid,Y,,Education,SAGE,2025-2027
Clinical EEG and Neuroscience,2169-5202,Hybrid,Y,,Neurology,SAGE,2025-2027
Journal of Drug Issues,1945-1369,Hybrid,Y,,Criminology & Criminal Justice,SAGE,2025-2027
Humanity & Society,2372-9708,Hybrid,Y,,Sociology,SAGE,2025-2027
Emerging Adulthood,2167-6984,Hybrid,Y,,"Psychology, Psychiatry & Counseling",SAGE,2025-2027
Clinical Psychological Science,2167-7034,Hybrid,Y,,"Psychology, Psychiatry & Counseling",SAGE,2025-2027
Adult Learning,2162-4070,Hybrid,Y,,Education,SAGE,2025-2027
Journal of Research on Leadership Education,1942-7751,Hybrid,Y,,Education,SAGE,2025-2027
Foot & Ankle International,1944-7876,Hybrid,Y,,"Orthopedics, Biomechanics & Sports Medicine",SAGE,2025-2027
Communication & Sport,2167-4809,Hybrid,Y,,Communication & Media Studies,SAGE,2025-2027
Ultrasonic Imaging,1096-0910,Hybrid,Y,,Other Health Specialties,SAGE,2025-2027
Canadian Journal of Occupational Therapy,1911-9828,Hybrid,Y,,Other Health Specialties,SAGE,2025-2027
World Futures Review,2169-2793,Hybrid,Y,,Sociology,SAGE,2025-2027
ADCES in Practice,2633-5603,Hybrid,Y,,Clinical Medicine,SAGE,2025-2027
Canadian Pharmacists Journal / Revue des Pharmaciens du Canada,1913-701X,Hybrid,Y,,Pharmacology & Toxicology,SAGE,2025-2027
Sociological Perspectives,1533-8673,Hybrid,Y,,Sociology,SAGE,2025-2027
New Labor Forum,1557-2978,Hybrid,Y,,Sociology,SAGE,2025-2027
Public Personnel Management,1945-7421,Hybrid,Y,,Political Science & International Relations,SAGE,2025-2027
Journal of Experiential Education,2169-009X,Hybrid,Y,,Education,SAGE,2025-2027
Proceedings of the International Symposium on Human Factors and Ergonomics in Health Care,2327-8595,Hybrid,Y,,"Psychology, Psychiatry & Counseling",SAGE,2025-2027
Social Currents,2329-4973,Hybrid,Y,,Sociology,SAGE,2025-2027
Sociology of Race and Ethnicity,2332-6506,Hybrid,Y,,Sociology,SAGE,2025-2027
Annals of Pharmacotherapy,1542-6270,Hybrid,Y,,Pharmacology & Toxicology,SAGE,2025-2027
Journal of Pharmacy Technology,1549-4810,Hybrid,Y,,Pharmacology & Toxicology,SAGE,2025-2027
Journal of Diabetes Science and Technology,1932-2968,Hybrid,Y,,Clinical Medicine,SAGE,2025-2027
Research and Practice for Persons with Severe Disabilities,2169-2408,Hybrid,Y,,Education,SAGE,2025-2027
Exceptional Children,2163-5560,Hybrid,Y,,Education,SAGE,2025-2027
TEACHING Exceptional Children,2163-5684,Hybrid,Y,,Education,SAGE,2025-2027
OTJR: Occupational Therapy Journal of Research,1938-2383,Hybrid,Y,,Other Health Specialties,SAGE,2025-2027
"Annals of Otology, Rhinology & Laryngology",1943-572X,Hybrid,Y,,Clinical Medicine,SAGE,2025-2027
Policy Insights from the Behavioral and Brain Sciences,2372-7330,Hybrid,Y,,"Psychology, Psychiatry & Counseling",SAGE,2025-2027
ILR Review,2162-271X,Hybrid,Y,,Business & Management,SAGE,2025-2027
Healthcare Management Forum,2352-3883,Hybrid,Y,,Public Health,SAGE,2025-2027
Pedagogy in Health Promotion,2373-3802,Hybrid,Y,,Public Health,SAGE,2025-2027
Journal of Empirical Research on Human Research Ethics,1556-2654,Hybrid,Y,,Research Methods & Evaluation,SAGE,2025-2027
Workplace Health & Safety,2165-0969,Hybrid,Y,,Public Health,SAGE,2025-2027
Phi Delta Kappan,1940-6487,Not Applicable,N,subcription,Education,SAGE,2025-2027
The Journal of Men’s Studies,1933-0251,Hybrid,Y,,Sociology,SAGE,2025-2027
Journal of Endovascular Therapy,1545-1550,Hybrid,Y,,Cardiology & Cardiovascular Medicine,SAGE,2025-2027
The Antitrust Bulletin,1930-7969,Hybrid,Y,,Criminology & Criminal Justice,SAGE,2025-2027
Contemporary Drug Problems,2163-1808,Hybrid,Y,,Criminology & Criminal Justice,SAGE,2025-2027
HERD: Health Environments Research & Design Journal,2167-5112,Hybrid,Y,,Public Health,SAGE,2025-2027
Newspaper Research Journal,2376-4791,Hybrid,Y,,Communication & Media Studies,SAGE,2025-2027
A Current Bibliography on African Affairs,2376-6662,Not Applicable,N,subcription,Area & Ethnic Studies,SAGE,2025-2027
Abstracts in Anthropology,1557-5136,Not Applicable,N,subcription,Anthropology & Archaeology,SAGE,2025-2027
Empirical Studies of the Arts,1541-4493,Hybrid,Y,,"Psychology, Psychiatry & Counseling",SAGE,2025-2027
"Imagination, Cognition and Personality",1541-4477,Hybrid,Y,,"Psychology, Psychiatry & Counseling",SAGE,2025-2027
International Journal of Social Determinants of Health and Health Services,2755-1946,Hybrid,Y,,Public Health,SAGE,2025-2027
Community Health Equity Research & Policy,2752-5368,Hybrid,Y,,Public Health,SAGE,2025-2027
"Journal of College Student Retention: Research, Theory & Practice",1541-4167,Hybrid,Y,,Education,SAGE,2025-2027
Journal of Drug Education,1541-4159,Hybrid,Y,,Criminology & Criminal Justice,SAGE,2025-2027
Journal of Educational Computing Research,1541-4140,Hybrid,Y,,Education,SAGE,2025-2027
Journal of Educational Technology Systems,1541-3810,Hybrid,Y,,Education,SAGE,2025-2027
Journal of Technical Writing and Communication,1541-3780,Hybrid,Y,,Education,SAGE,2025-2027
NEW SOLUTIONS: A Journal of Environmental and Occupational Health Policy,1541-3772,Hybrid,Y,,Public Health,SAGE,2025-2027
North American Archaeologist,1541-3543,Hybrid,Y,,Anthropology & Archaeology,SAGE,2025-2027
OMEGA - Journal of Death and Dying,1541-3764,Hybrid,Y,,"Psychology, Psychiatry & Counseling",SAGE,2025-2027
The International Journal of Aging and Human Development,1541-3535,Hybrid,Y,,Aging & Gerontology,SAGE,2025-2027
The International Journal of Psychiatry in Medicine,1541-3527,Hybrid,Y,,"Psychology, Psychiatry & Counseling",SAGE,2025-2027
Journal of Cutaneous Medicine and Surgery,1615-7109,Hybrid,Y,,Clinical Medicine,SAGE,2025-2027
The American Economist,2328-1235,Hybrid,Y,,Economics & Development Studies,SAGE,2025-2027
Food and Nutrition Bulletin,1564-8265,Hybrid,Y,,Public Health,SAGE,2025-2027
HAND,1558-9455,Hybrid,Y,,"Orthopedics, Biomechanics & Sports Medicine",SAGE,2025-2027
Management Teaching Review,2379-2981,Hybrid,Y,,Business & Management,SAGE,2025-2027
Journal of Historical Research in Music Education,2328-2525,Hybrid,Y,,Education,SAGE,2025-2027
The American Journal of Cosmetic Surgery,2374-7722,Hybrid,Y,,Clinical Medicine,SAGE,2025-2027
The Canadian Journal of Psychiatry,1497-0015,Hybrid,Y,,"Psychology, Psychiatry & Counseling",SAGE,2025-2027
JDR Clinical & Translational Research,2380-0852,Hybrid,Y,,Clinical Medicine,SAGE,2025-2027
South Asia Economic Journal,0973-077X,Hybrid,Y,,Area & Ethnic Studies,SAGE,2025-2027
Journal of Special Education Technology,2381-3121,Hybrid,Y,,Education,SAGE,2025-2027
Entrepreneurship Theory and Practice,1540-6520,Hybrid,Y,,Business & Management,SAGE,2025-2027
"Literacy Research: Theory, Method, and Practice",2381-3377,Hybrid,Y,,Education,SAGE,2025-2027
Pediatric and Developmental Pathology,1615-5742,Hybrid,Y,,Clinical Medicine,SAGE,2025-2027
Progress in Transplantation,2164-6708,Hybrid,Y,,Clinical Medicine,SAGE,2025-2027
Psychological Reports,1558-691X,Hybrid,Y,,"Psychology, Psychiatry & Counseling",SAGE,2025-2027
Perceptual and Motor Skills,1558-688X,Hybrid,Y,,"Psychology, Psychiatry & Counseling",SAGE,2025-2027
Hispanic Health Care International,1938-8993,Hybrid,Y,,Nursing,SAGE,2025-2027
Canadian Journal of Nursing Research,1705-7051,Hybrid,Y,,Nursing,SAGE,2025-2027
American Journal of Health Promotion,2168-6602,Hybrid,Y,,Public Health,SAGE,2025-2027
Journal of Veterinary Dentistry,2470-4083,Hybrid,Y,,Other Health Specialties,SAGE,2025-2027
Public Health Reports®,-,Hybrid,Y,,Public Health,SAGE,2025-2027
Tropical Conservation Science,1940-0829,Gold OA,y,Discounted,Science & Society Studies,SAGE,2025-2027
Journal of VitreoRetinal Diseases,2474-1272,Hybrid,Y,,Clinical Medicine,SAGE,2025-2027
California Management Review,2162-8564,Hybrid,Y,,Business & Management,SAGE,2025-2027
Behavioral Disorders,2163-5307,Hybrid,Y,,Education,SAGE,2025-2027
Beyond Behavior,2163-5323,Hybrid,Y,,Education,SAGE,2025-2027
Journal of Palliative Care,2369-5293,Hybrid,Y,,Clinical Medicine,SAGE,2025-2027
Plastic Surgery,2292-5511,Hybrid,Y,,Clinical Medicine,SAGE,2025-2027
Rural Special Education Quarterly,2168-8605,Hybrid,Y,,Education,SAGE,2025-2027
The Cleft Palate Craniofacial Journal,1545-1569,Hybrid,Y,,Clinical Medicine,SAGE,2025-2027
Hospital Pharmacy,1945-1253,Hybrid,Y,,Pharmacology & Toxicology,SAGE,2025-2027
Entrepreneurship Education and Pedagogy,2515-1274,Hybrid,Y,,Business & Management,SAGE,2025-2027
International Migration Review,1747-7379,Hybrid,Y,,Area & Ethnic Studies,SAGE,2025-2027
Journal on Migration and Human Security,2330-2488,Hybrid,Y,,Area & Ethnic Studies,SAGE,2025-2027
Journal of Advertising Education,2516-1873,Hybrid,Y,,Marketing & Hospitality,SAGE,2025-2027
American String Teacher,2515-4842,Hybrid,Y,,Education,SAGE,2025-2027
String Research Journal,2164-0661,Hybrid,Y,,Education,SAGE,2025-2027
Families in Society,1945-1350,Hybrid,Y,,Sociology,SAGE,2025-2027
Journal of Education,2515-5741,Hybrid,Y,,Education,SAGE,2025-2027
Professional School Counseling,2156-759X,Hybrid,Y,,Education,SAGE,2025-2027
The Linacre Quarterly,2050-8549,Hybrid,Y,,"Religion, Theology and Biblical Studies",SAGE,2025-2027
Journal of Psoriasis and Psoriatic Arthritis®,2475-5311,Hybrid,Y,,Clinical Medicine,SAGE,2025-2027
Journal for Vascular Ultrasound,1544-3175,Hybrid,Y,,Life & Biomedical Sciences,SAGE,2025-2027
The Review of Black Political Economy,1936-4814,Hybrid,Y,,Political Science & International Relations,SAGE,2025-2027
Transportation Research Record,2169-4052,Hybrid,Y,,Economics & Development Studies,SAGE,2025-2027
About Campus,1536-0687,Hybrid,Y,,Education,SAGE,2025-2027
American Journal of Rhinology & Allergy,1945-8932,Hybrid,Y,,Clinical Medicine,SAGE,2025-2027
Academic Forensic Pathology,1925-3621,Hybrid,Y,,Clinical Medicine,SAGE,2025-2027
Project Management Journal,1938-9507,Hybrid,Y,,Business & Management,SAGE,2025-2027
Innovations,1559-0879,Hybrid,Y,,Cardiology & Cardiovascular Medicine,SAGE,2025-2027
Journal of Visual Impairment & Blindness,1559-1476,Hybrid,Y,,Education,SAGE,2025-2027
Recreational Sports Journal,1558-867X,Hybrid,Y,,Education,SAGE,2025-2027
The Stata Journal,1536-8734,Hybrid,Y,,Research Methods & Evaluation,SAGE,2025-2027
Journal of Marketing,1547-7185,Hybrid,Y,,Marketing & Hospitality,SAGE,2025-2027
Journal of Marketing Research,1547-7193,Hybrid,Y,,Marketing & Hospitality,SAGE,2025-2027
Journal of International Marketing,1547-7215,Hybrid,Y,,Marketing & Hospitality,SAGE,2025-2027
Journal of Public Policy & Marketing,1547-7207,Hybrid,Y,,Marketing & Hospitality,SAGE,2025-2027
Review of General Psychology,1939-1552,Hybrid,Y,,"Psychology, Psychiatry & Counseling",SAGE,2025-2027
Journal of Peacebuilding & Development,2165-7440,Hybrid,Y,,Sociology,SAGE,2025-2027
Journal of the ICRU,1742-3422,Hybrid,Y,,Life & Biomedical Sciences,SAGE,2025-2027
Journal of White Collar and Corporate Crime,2631-3103,Hybrid,Y,,NA,SAGE,2025-2027
Journal of Prevention and Health Promotion,2632-0789,Hybrid,Y,,NA,SAGE,2025-2027
Journal of School Leadership,-,Hybrid,Y,,Education,SAGE,2025-2027
International Journal of Educational Reform,-,Hybrid,Y,,Education,SAGE,2025-2027
Collections,-,Hybrid,Y,,Sociology,SAGE,2025-2027
International Review of Qualitative Research,1940-8455,Hybrid,Y,,Research Methods & Evaluation,SAGE,2025-2027
Canadian Association of Radiologists Journal,1488-2361,Hybrid,Y,,NA,SAGE,2025-2027
FACE,2732-5016,Hybrid,Y,,NA,SAGE,2025-2027
The American Surgeon™,1555-9823,Hybrid,Y,,NA,SAGE,2025-2027
HSS Journal®,1556-3324,Hybrid,Y,,"Orthopedics, Biomechanics & Sports Medicine",SAGE,2025-2027
Inclusive Practices,2732-4745,Hybrid,Y,,NA,SAGE,2025-2027
Journal of Interpretation Research,2692-9376,Hybrid,Y,,NA,SAGE,2025-2027
City & Community,1540-6040,Hybrid,Y,,Sociology,SAGE,2025-2027
Foregut,2634-5161,Hybrid,Y,,NA,SAGE,2025-2027
Teachers College Record,1467-9620,Hybrid,Y,,Education,SAGE,2025-2027
Journal of Interactive Marketing,1520-6653,Hybrid,Y,,Marketing & Hospitality,SAGE,2025-2027
Journal of Management Scientific Reports,2755-0311,Hybrid,Y,,NA,SAGE,2025-2027
Journal of Tropical Futures,2753-8931,Hybrid,Y,,Business & Management,SAGE,2025-2027
Journal of Interior Design,1939-1668,Hybrid,Y,,NA,SAGE,2025-2027
Journal of Investigative Medicine,1708-8267,Hybrid,Y,,NA,SAGE,2025-2027
Substance Use & Addiction Journal,2976-7350,Hybrid,Y,,NA,SAGE,2025-2027
Journal of Dance Medicine & Science,2374-8060,Hybrid,Y,,NA,SAGE,2025-2027
Journal of Ethnobiology,2162-4496,Hybrid,Y,,Anthropology & Archaeology,SAGE,2025-2027
New Horizons in Adult Education and Human Resource Development,1939-4225,Hybrid,Y,,NA,SAGE,2025-2027
The Journal of Social Studies Research,0885-985X,Hybrid,Y,,Education,SAGE,2025-2027
Quantum Economics and Finance,2976-7040,Hybrid,Y,,NA,SAGE,2025-2027
Creative Nursing,1946-1895,Hybrid,Y,,Nursing,SAGE,2025-2027
Wilderness & Environmental Medicine,1545-1534,Hybrid,Y,,NA,SAGE,2025-2027
Production and Operations Management,1937-5956,Hybrid,Y,,NA,SAGE,2025-2027
Journal of Hospitality & Tourism Cases,2164-9987,Hybrid,Y,,NA,SAGE,2025-2027
Learning Disabilities Research & Practice,1540-5826,Hybrid,Y,,Education,SAGE,2025-2027
The Energy Journal,1944-9089,Hybrid,Y,,NA,SAGE,2025-2027
Journal of Health and Human Services Administration,2168-5509,Hybrid,Y,,NA,SAGE,2025-2027
Public Administration Quarterly,2327-4433,Hybrid,Y,,NA,SAGE,2025-2027
Public Finance and Management,1523-9721,Hybrid,Y,,NA,SAGE,2025-2027
Journal of Pediatric Surgical Nursing,2332-0249,Hybrid,Y,,Nursing,SAGE,2025-2027
Management and Business Review,TBD,Hybrid,Y,,NA,SAGE,2025-2027
Lighting Design + Application,TBD,Hybrid,Y,,NA,SAGE,2025-2027
"Drug Science, Policy and Law",2050-3245,Hybrid,Y,,Pharmacology & Toxicology,SAGE,2025-2027
Journal of Education for Sustainable Development,0973-4074,Hybrid,Y,,"Geography, Earth & Environmental Science",SAGE,2025-2027
Margin: The Journal of Applied Economic Research,0973-8029,Hybrid,Y,,Economics & Development Studies,SAGE,2025-2027
British Journal of Pain,2049-4645,Hybrid,Y,,Clinical Medicine,SAGE,2025-2027
Irish Theological Quarterly,1752-4989,Hybrid,Y,,"Religion, Theology and Biblical Studies",SAGE,2025-2027
Chronic Illness,1745-9206,Hybrid,Y,,Clinical Medicine,SAGE,2025-2027
Research Studies in Music Education,1834-5530,Hybrid,Y,,Arts & Humanities,SAGE,2025-2027
Emotion Review,1754-0747,Hybrid,Y,,"Psychology, Psychiatry & Counseling",SAGE,2025-2027
Urban Studies,1360-063X,Hybrid,Y,,Economics & Development Studies,SAGE,2025-2027
Journal of Infection Prevention,1757-1782,Hybrid,Y,,Clinical Medicine,SAGE,2025-2027
Critical Sociology,1569-1632,Hybrid,Y,,Sociology,SAGE,2025-2027
Scandinavian Journal of Public Health,1651-1905,Hybrid,Y,,Public Health,SAGE,2025-2027
Mobile Media & Communication,2050-1587,Hybrid,Y,,Communication & Media Studies,SAGE,2025-2027
Journal of Hand Surgery (European Volume),2043-6289,Hybrid,Y,,"Orthopedics, Biomechanics & Sports Medicine",SAGE,2025-2027
Millennium,1477-9021,Hybrid,Y,,Political Science & International Relations,SAGE,2025-2027
South Asian Journal of Macroeconomics and Public Finance,2321-0273,Hybrid,Y,,Economics & Development Studies,SAGE,2025-2027
Global Health Promotion,1757-9767,Hybrid,Y,,Public Health,SAGE,2025-2027
Adoption & Fostering,1740-469X,Hybrid,Y,,Sociology,SAGE,2025-2027
Conflict Management and Peace Science,1549-9219,Hybrid,Y,,Political Science & International Relations,SAGE,2025-2027
Journal of the Renin-Angiotensin-Aldosterone System,1752-8976,Gold OA,Y,Discounted,Cardiology & Cardiovascular Medicine,SAGE,2025-2027
Review of Market Integration,0975-4709,Hybrid,Y,,Economics & Development Studies,SAGE,2025-2027
BioScope: South Asian Screen Studies,0976-352X,Hybrid,Y,,Communication & Media Studies,SAGE,2025-2027
Journal of Infrastructure Development,0975-5969,Hybrid,Y,,Business & Management,SAGE,2025-2027
Global Journal of Emerging Market Economies,0975-2730,Hybrid,Y,,Economics & Development Studies,SAGE,2025-2027
International Journal of Bilingualism,1756-6878,Hybrid,Y,,Language & Linguistics,SAGE,2025-2027
Language and Speech,1756-6053,Hybrid,Y,,Language & Linguistics,SAGE,2025-2027
Biblical Theology Bulletin,1945-7596,Hybrid,Y,,"Religion, Theology and Biblical Studies",SAGE,2025-2027
Australian Journal of Career Development,2200-6974,Hybrid,Y,,Education,SAGE,2025-2027
Australian Journal of Education,2050-5884,Hybrid,Y,,Education,SAGE,2025-2027
Forum Italicum,2168-989X,Hybrid,Y,,Language & Linguistics,SAGE,2025-2027
Critical Research on Religion,2050-3040,Hybrid,Y,,"Religion, Theology and Biblical Studies",SAGE,2025-2027
Asian Cardiovascular and Thoracic Annals,1816-5370,Hybrid,Y,,Cardiology & Cardiovascular Medicine,SAGE,2025-2027
Transformation,1759-8931,Hybrid,Y,,"Religion, Theology and Biblical Studies",SAGE,2025-2027
Australian Journal of Management,1327-2020,Hybrid,Y,,Business & Management,SAGE,2025-2027
Jindal Journal of Business Research,2321-0311,Hybrid,Y,,Business & Management,SAGE,2025-2027
India Quarterly,0975-2684,Hybrid,Y,,Area & Ethnic Studies,SAGE,2025-2027
Capital & Class,2041-0980,Hybrid,Y,,Economics & Development Studies,SAGE,2025-2027
The Journal of Defense Modeling and Simulation,1557-380X,Hybrid,Y,,Materials Science & Engineering,SAGE,2025-2027
Indian Historical Review,0975-5977,Hybrid,Y,,History,SAGE,2025-2027
Index on Censorship,1746-6067,Not Applicable,N,subcription,Communication & Media Studies,SAGE,2025-2027
Organizational Psychology Review,2041-3874,Hybrid,Y,,"Psychology, Psychiatry & Counseling",SAGE,2025-2027
Bulletin of Sociological Methodology/Bulletin de Méthodologie Sociologique,2070-2779,Hybrid,Y,,Sociology,SAGE,2025-2027
Studies in Religion/Sciences Religieuses,2042-0587,Hybrid,Y,,"Religion, Theology and Biblical Studies",SAGE,2025-2027
InnovAiT,1755-7399,Not Applicable,N,subcription,Clinical Medicine,SAGE,2025-2027
Transfer: European Review of Labour and Research,1996-7284,Hybrid,Y,,Business & Management,SAGE,2025-2027
Social Change,0976-3538,Hybrid,Y,,Economics & Development Studies,SAGE,2025-2027
Environment and Urbanization ASIA,0976-3546,Hybrid,Y,,"Geography, Earth & Environmental Science",SAGE,2025-2027
Dialogues in Human Geography,2043-8214,Hybrid,Y,,"Geography, Earth & Environmental Science",SAGE,2025-2027
Journal of Criminology,2633-8084,Hybrid,Y,,Criminology & Criminal Justice,SAGE,2025-2027
Theology,2044-2696,Hybrid,Y,,"Religion, Theology and Biblical Studies",SAGE,2025-2027
Theology Today,2044-2556,Hybrid,Y,,"Religion, Theology and Biblical Studies",SAGE,2025-2027
Local Economy,1470-9325,Hybrid,Y,,"Geography, Earth & Environmental Science",SAGE,2025-2027
European Journal of Probation,2066-2203,Hybrid,Y,,Criminology & Criminal Justice,SAGE,2025-2027
Missiology,2051-3623,Hybrid,Y,,"Religion, Theology and Biblical Studies",SAGE,2025-2027
Musicae Scientiae,2045-4147,Hybrid,Y,,Arts & Humanities,SAGE,2025-2027
Contemporary Education Dialogue,2249-5320,Hybrid,Y,,Education,SAGE,2025-2027
Interpretation,2159-340X,Hybrid,Y,,"Religion, Theology and Biblical Studies",SAGE,2025-2027
Annals of the ICRP,1872-969X,Hybrid,Y,,Clinical Medicine,SAGE,2025-2027
Recherche et Applications en Marketing (French Edition),2051-2821,Hybrid,Y,,Business & Management,SAGE,2025-2027
History and Sociology of South Asia,2249-5312,Hybrid,Y,,Area & Ethnic Studies,SAGE,2025-2027
Public Relations Inquiry,2046-1488,Hybrid,Y,,Cultural Studies,SAGE,2025-2027
Journal of Generic Medicines,1741-7090,Hybrid,Y,,Other Health Specialties,SAGE,2025-2027
Information Visualization,1473-8724,Hybrid,Y,,Communication & Media Studies,SAGE,2025-2027
Tourism and Hospitality Research,1742-9692,Hybrid,Y,,Marketing & Hospitality,SAGE,2025-2027
Vision,2249-5304,Hybrid,Y,,Business & Management,SAGE,2025-2027
International Review of Victimology,2047-9433,Hybrid,Y,,Criminology & Criminal Justice,SAGE,2025-2027
Gifted Education International,2047-9077,Hybrid,Y,,Education,SAGE,2025-2027
Medical Law International,2047-9441,Subscribe to open,Y,,Other Health Specialties,SAGE,2025-2027
International Journal of Discrimination and the Law,2047-9468,Hybrid,Y,,Criminology & Criminal Justice,SAGE,2025-2027
Nutrition and Health,2047-945X,Hybrid,Y,,Other Health Specialties,SAGE,2025-2027
Teaching Public Administration,2047-8720,Hybrid,Y,,Political Science & International Relations,SAGE,2025-2027
Journal of Interdisciplinary Economics,2321-5305,Hybrid,Y,,Economics & Development Studies,SAGE,2025-2027
Studies in People’s History,2349-7718,Hybrid,Y,,History,SAGE,2025-2027
Australian & New Zealand Journal of Psychiatry,1440-1614,Hybrid,Y,,"Psychology, Psychiatry & Counseling",SAGE,2025-2027
Australasian Psychiatry,1440-1665,Hybrid,Y,,"Psychology, Psychiatry & Counseling",SAGE,2025-2027
Management and Labour Studies,2321-0710,Hybrid,Y,,Business & Management,SAGE,2025-2027
Foreign Trade Review,0971-7625,Hybrid,Y,,Political Science & International Relations,SAGE,2025-2027
The Bible Translator,2051-6789,Hybrid,Y,,"Religion, Theology and Biblical Studies",SAGE,2025-2027
Journal of Clinical Urology,2051-4166,Hybrid,Y,,Clinical Medicine,SAGE,2025-2027
Recherche et Applications en Marketing (English Edition),2051-5707,Hybrid,Y,,Business & Management,SAGE,2025-2027
South African Journal of Psychology,2078-8208,Hybrid,Y,,"Psychology, Psychiatry & Counseling",SAGE,2025-2027
Millennial Asia,2321-7081,Hybrid,Y,,Economics & Development Studies,SAGE,2025-2027
Journal of Land and Rural Studies,2321-7464,Hybrid,Y,,Economics & Development Studies,SAGE,2025-2027
Studies in Indian Politics,2321-7472,Hybrid,Y,,Political Science & International Relations,SAGE,2025-2027
Journal of International Political Theory,1755-1722,Hybrid,Y,,Political Science & International Relations,SAGE,2025-2027
International Journal,2052-465X,Hybrid,Y,,Political Science & International Relations,SAGE,2025-2027
Studies in Microeconomics,2321-8398,Hybrid,Y,,Economics & Development Studies,SAGE,2025-2027
International Journal of Maritime History,2052-7756,Hybrid,Y,,History,SAGE,2025-2027
The Anthropocene Review,2053-020X,Hybrid,Y,,"Geography, Earth & Environmental Science",SAGE,2025-2027
Review & Expositor,2052-9449,Hybrid,Y,,"Religion, Theology and Biblical Studies",SAGE,2025-2027
Jadavpur Journal of International Relations,2349-0047,Hybrid,Y,,Political Science & International Relations,SAGE,2025-2027
Asian Journal of Legal Education,2348-2451,Hybrid,Y,,Criminology & Criminal Justice,SAGE,2025-2027
South Asian Journal of Human Resources Management,2349-5790,Hybrid,Y,,Business & Management,SAGE,2025-2027
Society and Culture in South Asia,2394-9872,Hybrid,Y,,Sociology,SAGE,2025-2027
Theological Studies,2169-1304,Hybrid,Y,,"Religion, Theology and Biblical Studies",SAGE,2025-2027
Journal of Asian Security and International Affairs,2349-0039,Hybrid,Y,,Political Science & International Relations,SAGE,2025-2027
Insight on Africa,0976-3465,Hybrid,Y,,Area & Ethnic Studies,SAGE,2025-2027
Contemporary Review of the Middle East,2349-0055,Hybrid,Y,,Economics & Development Studies,SAGE,2025-2027
Shoulder & Elbow,1758-5740,Hybrid,Y,,"Orthopedics, Biomechanics & Sports Medicine",SAGE,2025-2027
Higher Education for the Future,2348-5779,Hybrid,Y,,Education,SAGE,2025-2027
History of Science,1753-8564,Hybrid,Y,,History,SAGE,2025-2027
Journal for the History of Astronomy,1753-8556,Hybrid,Y,,History,SAGE,2025-2027
Journal of Entrepreneurship and Innovation in Emerging Economies,2394-9945,Hybrid,Y,,Business & Management,SAGE,2025-2027
British Journal of Occupational Therapy,1477-6006,Hybrid,Y,,Other Health Specialties,SAGE,2025-2027
Paradigm,2394-6083,Hybrid,Y,,Business & Management,SAGE,2025-2027
International Journal of Commerce and Contracting,2976-8837,Hybrid,Y,,Business & Management,SAGE,2025-2027
The Police Journal,1740-5599,Hybrid,Y,,Criminology & Criminal Justice,SAGE,2025-2027
The International Journal of Evidence & Proof,1740-5572,Hybrid,Y,,Criminology & Criminal Justice,SAGE,2025-2027
The Journal of Criminal Law,1740-5580,Hybrid,Y,,Criminology & Criminal Justice,SAGE,2025-2027
Common Law World Review,1740-5556,Hybrid,Y,,Vocational & Professional Studies,SAGE,2025-2027
Environmental Law Review,1740-5564,Hybrid,Y,,Vocational & Professional Studies,SAGE,2025-2027
International Journal of Police Science & Management,1478-1603,Hybrid,Y,,Criminology & Criminal Justice,SAGE,2025-2027
Journal of the Intensive Care Society,1751-1437,Hybrid,Y,,Clinical Medicine,SAGE,2025-2027
Journal of Pastoral Care & Counseling,2167-776X,Hybrid,Y,,"Religion, Theology and Biblical Studies",SAGE,2025-2027
Business Perspectives and Research,2394-9937,Hybrid,Y,,Business & Management,SAGE,2025-2027
Indian Journal of Corporate Governance,2454-2482,Hybrid,Y,,Business & Management,SAGE,2025-2027
Emerging Economy Studies,2454-2148,Hybrid,Y,,Business & Management,SAGE,2025-2027
Contemporary Issues in Early Childhood,1463-9491,Hybrid,Y,,Education,SAGE,2025-2027
"Citizenship, Social and Economics Education",2047-1734,Hybrid,Y,,Education,SAGE,2025-2027
European Educational Research Journal,1474-9041,Hybrid,Y,,Education,SAGE,2025-2027
Global Studies of Childhood,2043-6106,Hybrid,Y,,Education,SAGE,2025-2027
E-Learning and Digital Media,2042-7530,Hybrid,Y,,Education,SAGE,2025-2027
Policy Futures in Education,1478-2103,Hybrid,Y,,Education,SAGE,2025-2027
Psychology Learning & Teaching,2057-3022,Hybrid,Y,,"Psychology, Psychiatry & Counseling",SAGE,2025-2027
Research in Comparative and International Education,1745-4999,Hybrid,Y,,Education,SAGE,2025-2027
Asian and Pacific Migration Journal,2057-049X,Hybrid,Y,,Area & Ethnic Studies,SAGE,2025-2027
Competition & Change,1477-2221,Hybrid,Y,,Business & Management,SAGE,2025-2027
International Journal of Christianity & Education,2056-998X,Hybrid,Y,,"Religion, Theology and Biblical Studies",SAGE,2025-2027
Chinese Journal of Sociology,2057-1518,Hybrid,Y,,Sociology,SAGE,2025-2027
Calcutta Statistical Association Bulletin,2456-6462,Hybrid,Y,,Research Methods & Evaluation,SAGE,2025-2027
International Journal of Electrical Engineering & Education,2050-4578,Hybrid,Y,,Materials Science & Engineering,SAGE,2025-2027
International Journal of Mechanical Engineering Education,2050-4586,Hybrid,Y,,Materials Science & Engineering,SAGE,2025-2027
Asian Journal of Comparative Politics,2057-892X,Hybrid,Y,,Political Science & International Relations,SAGE,2025-2027
The Neuroradiology Journal,2385-1996,Hybrid,Y,,Clinical Medicine,SAGE,2025-2027
Interventional Neuroradiology,2385-2011,Hybrid,Y,,Clinical Medicine,SAGE,2025-2027
Journal of Creating Value,2454-213X,Hybrid,Y,,Business & Management,SAGE,2025-2027
International Journal of Stroke,1747-4949,Hybrid,Y,,Neurology,SAGE,2025-2027
Environment and Planning A: Economy and Space,1472-3409,Hybrid,Y,,"Geography, Earth & Environmental Science",SAGE,2025-2027
Environment and Planning B: Urban Analytics and City Science,2399-8091,Hybrid,Y,,"Geography, Earth & Environmental Science",SAGE,2025-2027
Environment and Planning C: Politics and Space,2399-6552,Hybrid,Y,,"Geography, Earth & Environmental Science",SAGE,2025-2027
Environment and Planning D: Society and Space,1472-3433,Hybrid,Y,,"Geography, Earth & Environmental Science",SAGE,2025-2027
Perception,1468-4233,Hybrid,Y,,"Psychology, Psychiatry & Counseling",SAGE,2025-2027
Wind Engineering,2048-402X,Hybrid,Y,,Materials Science & Engineering,SAGE,2025-2027
Energy & Environment,2048-4070,Hybrid,Y,,"Geography, Earth & Environmental Science",SAGE,2025-2027
International Journal of Sports Science & Coaching,2048-397X,Hybrid,Y,,Sociology,SAGE,2025-2027
International Journal of Architectural Computing,2048-3988,Hybrid,Y,,Materials Science & Engineering,SAGE,2025-2027
Advances in Structural Engineering,2048-4011,Hybrid,Y,,Materials Science & Engineering,SAGE,2025-2027
International Journal of Aeroacoustics,2048-4003,Hybrid,Y,,Materials Science & Engineering,SAGE,2025-2027
Noise & Vibration Worldwide,2048-4062,Hybrid,Y,,Materials Science & Engineering,SAGE,2025-2027
International Journal of Space Structures,2059-8033,Hybrid,Y,,Materials Science & Engineering,SAGE,2025-2027
Building Acoustics,2059-8025,Hybrid,Y,,Materials Science & Engineering,SAGE,2025-2027
International Journal of Spray and Combustion Dynamics,1756-8285,Hybrid,Y,,Materials Science & Engineering,SAGE,2025-2027
Journal of Development Policy and Practice,2455-4953,Hybrid,Y,,Economics & Development Studies,SAGE,2025-2027
Media International Australia,2200-467X,Hybrid,Y,,Communication & Media Studies,SAGE,2025-2027
Political Studies,1467-9248,Hybrid,Y,,Political Science & International Relations,SAGE,2025-2027
Political Studies Review,1478-9302,Hybrid,Y,,Political Science & International Relations,SAGE,2025-2027
The British Journal of Politics and International Relations,1467-856X,Hybrid,Y,,Political Science & International Relations,SAGE,2025-2027
Political Insight,2041-9066,Not Applicable,N,subcription,Political Science & International Relations,SAGE,2025-2027
Politics,1467-9256,Hybrid,Y,,Political Science & International Relations,SAGE,2025-2027
Journal of Cerebral Blood Flow & Metabolism,1559-7016,Hybrid,Y,,Life & Biomedical Sciences,SAGE,2025-2027
Alternative Law Journal,2398-9084,Hybrid,Y,,Vocational & Professional Studies,SAGE,2025-2027
European Journal of Mass Spectrometry,1751-6838,Hybrid,Y,,Materials Science & Engineering,SAGE,2025-2027
Journal of Near Infrared Spectroscopy,1751-6552,Hybrid,Y,,"Maths, Physics, Chemistry & Computing",SAGE,2025-2027
NIR news,1756-2708,Hybrid,Y,,Materials Science & Engineering,SAGE,2025-2027
Sociological Bulletin,2457-0257,Hybrid,Y,,Sociology,SAGE,2025-2027
Journal of Neonatology,0973-2187,Hybrid,Y,,Clinical Medicine,SAGE,2025-2027
Journal of Modern European History,2631-9764,Hybrid,Y,,History,SAGE,2025-2027
Applied Spectroscopy,1943-3530,Hybrid,Y,,"Maths, Physics, Chemistry & Computing",SAGE,2025-2027
Metamorphosis,2348-9324,Hybrid,Y,,Business & Management,SAGE,2025-2027
International Journal of Protective Structures,2041-420X,Hybrid,Y,,Materials Science & Engineering,SAGE,2025-2027
British Journal of Music Therapy,2059-9773,Hybrid,Y,,"Psychology, Psychiatry & Counseling",SAGE,2025-2027
Journal of Heritage Management,2456-4796,Hybrid,Y,,Cultural Studies,SAGE,2025-2027
Contemporary Voice of Dalit,2456-0502,Hybrid,Y,,Sociology,SAGE,2025-2027
Alexandria,2050-4551,Hybrid,Y,,Vocational & Professional Studies,SAGE,2025-2027
Cahiers Élisabéthains,2054-4715,Hybrid,Y,,Arts & Humanities,SAGE,2025-2027
Critical Studies in Television,1749-6039,Hybrid,Y,,Communication & Media Studies,SAGE,2025-2027
Indian Journal of Human Development,2456-480X,Hybrid,Y,,Economics & Development Studies,SAGE,2025-2027
Irish Economic and Social History,2050-4918,Hybrid,Y,,Area & Ethnic Studies,SAGE,2025-2027
Irish Journal of Sociology,2050-5280,Hybrid,Y,,Sociology,SAGE,2025-2027
Journal of Adult and Continuing Education,1479-7194,Hybrid,Y,,Education,SAGE,2025-2027
The Journal of Transport History,1759-3999,Hybrid,Y,,History,SAGE,2025-2027
Literature & History,2050-4594,Hybrid,Y,,Arts & Humanities,SAGE,2025-2027
Nineteenth Century Theatre and Film,2048-2906,Hybrid,Y,,Cultural Studies,SAGE,2025-2027
International Bulletin of Mission Research,2396-9407,Hybrid,Y,,"Religion, Theology and Biblical Studies",SAGE,2025-2027
Research in Education,2050-4608,Hybrid,Y,,Education,SAGE,2025-2027
European Stroke Journal,2396-9881,Hybrid,Y,,Neurology,SAGE,2025-2027
German Journal of Human Resource Management,2397-0030,Hybrid,Y,,Business & Management,SAGE,2025-2027
Health Information Management Journal,1833-3575,Hybrid,Y,,Public Health,SAGE,2025-2027
Urbanisation,2456-3714,Hybrid,Y,,"Geography, Earth & Environmental Science",SAGE,2025-2027
The Downside Review,2397-3498,Hybrid,Y,,"Religion, Theology and Biblical Studies",SAGE,2025-2027
ANTYAJAA: Indian Journal of Women and Social Change,2456-3722,Hybrid,Y,,Sociology,SAGE,2025-2027
Industry and Higher Education,2043-6858,Hybrid,Y,,Business & Management,SAGE,2025-2027
The International Journal of Entrepreneurship and Innovation,2043-6882,Hybrid,Y,,Business & Management,SAGE,2025-2027
Outlook on Agriculture,2043-6866,Hybrid,Y,,Economics & Development Studies,SAGE,2025-2027
Tourism Economics,2044-0375,Hybrid,Y,,Vocational & Professional Studies,SAGE,2025-2027
The Sociological Review,1467-954X,Hybrid,Y,,Sociology,SAGE,2025-2027
The Indian Economic Journal,2631-617X,Hybrid,Y,,Economics & Development Studies,SAGE,2025-2027
Indian Journal of Public Administration,2457-0222,Hybrid,Y,,Political Science & International Relations,SAGE,2025-2027
Clinical Medicine Insights: Arthritis and Musculoskeletal Disorders,1179-5441,Gold OA,Y,Discounted,Clinical Medicine,SAGE,2025-2027
Clinical Medicine Insights: Pediatrics,1179-5565,Gold OA,Y,Discounted,Clinical Medicine,SAGE,2025-2027
Indian Journal of Clinical Medicine,1179-9161,Hybrid,Y,,Clinical Medicine,SAGE,2025-2027
International Journal of Tryptophan Research,1178-6469,Gold OA,Y,Discounted,Life & Biomedical Sciences,SAGE,2025-2027
Journal of General Management,1759-6106,Hybrid,Y,,Business & Management,SAGE,2025-2027
Maastricht Journal of European and Comparative Law,2399-5548,Hybrid,Y,,Political Science & International Relations,SAGE,2025-2027
Netherlands Quarterly of Human Rights,2214-7357,Subscribe to open,Y,,Political Science & International Relations,SAGE,2025-2027
European Journal of Social Security,2399-2948,Hybrid,Y,,Political Science & International Relations,SAGE,2025-2027
New Journal of European Criminal Law,2399-293X,Hybrid,Y,,Criminology & Criminal Justice,SAGE,2025-2027
European Labour Law Journal,2399-5556,Hybrid,Y,,Business & Management,SAGE,2025-2027
Competition and Regulation in Network Industries,2399-2956,Hybrid,Y,,Business & Management,SAGE,2025-2027
Journal of Chinese Writing Systems,2513-8510,Hybrid,Y,,Arts & Humanities,SAGE,2025-2027
AlterNative: An International Journal of Indigenous Peoples,1174-1740,Hybrid,Y,,Area & Ethnic Studies,SAGE,2025-2027
The Journal of Egyptian Archaeology,2514-0582,Hybrid,Y,,Anthropology & Archaeology,SAGE,2025-2027
Quarterly Journal of Experimental Psychology,1747-0226,Hybrid,Y,,"Psychology, Psychiatry & Counseling",SAGE,2025-2027
Environment and Planning E: Nature and Space,2514-8494,Hybrid,Y,,"Geography, Earth & Environmental Science",SAGE,2025-2027
International Journal of Market Research,2515-2173,Hybrid,Y,,Sociology,SAGE,2025-2027
Journal of Advanced Oral Research,2320-2076,Hybrid,Y,,Clinical Medicine,SAGE,2025-2027
Journal of Perioperative Practice,2515-7949,Hybrid,Y,,Other Health Specialties,SAGE,2025-2027
European Journal of Ophthalmology,1724-6016,Hybrid,Y,,Clinical Medicine,SAGE,2025-2027
HIP International,1724-6067,Hybrid,Y,,"Orthopedics, Biomechanics & Sports Medicine",SAGE,2025-2027
Journal of Endometriosis and Pelvic Pain Disorders,2284-0273,Hybrid,Y,,Clinical Medicine,SAGE,2025-2027
Journal of Onco-Nephrology,2399-3707,Hybrid,Y,,Clinical Medicine,SAGE,2025-2027
Journal of Scleroderma and Related Disorders,2397-1991,Hybrid,Y,,Clinical Medicine,SAGE,2025-2027
The International Journal of Artificial Organs,1724-6040,Hybrid,Y,,Clinical Medicine,SAGE,2025-2027
The Journal of Vascular Access,1724-6032,Hybrid,Y,,Clinical Medicine,SAGE,2025-2027
Tumori Journal,2038-2529,Hybrid,Y,,Clinical Medicine,SAGE,2025-2027
Urologia Journal,1724-6075,Hybrid,Y,,Clinical Medicine,SAGE,2025-2027
Christian Education Journal,2378-525X,Hybrid,Y,,"Religion, Theology and Biblical Studies",SAGE,2025-2027
Journal of Psychology and Theology,2328-1162,Hybrid,Y,,"Religion, Theology and Biblical Studies",SAGE,2025-2027
Journal of Spiritual Formation and Soul Care,2328-1030,Hybrid,Y,,"Religion, Theology and Biblical Studies",SAGE,2025-2027
Evaluation Journal of Australasia,2515-9372,Hybrid,Y,,Political Science & International Relations,SAGE,2025-2027
FIIB Business Review,2455-2658,Hybrid,Y,,Economics & Development Studies,SAGE,2025-2027
Journal of Victimology and Victim Justice,2516-6077,Hybrid,Y,,Criminology & Criminal Justice,SAGE,2025-2027
Journal of Operations and Strategic Planning,2516-6018,Hybrid,Y,,Economics & Development Studies,SAGE,2025-2027
The International Journal of Community and Social Development,2516-6034,Hybrid,Y,,Economics & Development Studies,SAGE,2025-2027
Arthaniti: Journal of Economic Theory and Practice,2517-2654,Hybrid,Y,,Economics & Development Studies,SAGE,2025-2027
Journal of Social Inclusion Studies,2516-6123,Hybrid,Y,,Sociology,SAGE,2025-2027
Journal of Micromanufacturing,2516-5992,Hybrid,Y,,Materials Science & Engineering,SAGE,2025-2027
Feminist Review,1466-4380,Hybrid,Y,,Sociology,SAGE,2025-2027
Journal of Stroke Medicine,2516-6093,Hybrid,Y,,Clinical Medicine,SAGE,2025-2027
Developmental Child Welfare,2516-1040,Hybrid,Y,,"Psychology, Psychiatry & Counseling",SAGE,2025-2027
Archive for the Psychology of Religion,1573-6121,Hybrid,Y,,"Religion, Theology and Biblical Studies",SAGE,2025-2027
Journal of Information Technology Teaching Cases,2043-8869,Hybrid,Y,,Science & Society Studies,SAGE,2025-2027
Journal of Information Technology,1466-4437,Hybrid,Y,,Science & Society Studies,SAGE,2025-2027
Acupuncture in Medicine,1759-9873,Hybrid,Y,,"Orthopedics, Biomechanics & Sports Medicine",SAGE,2025-2027
Studia Liturgica,2517-4797,Hybrid,Y,,"Religion, Theology and Biblical Studies",SAGE,2025-2027
Cellular Polymers,1478-2421,Hybrid,Y,,Materials Science & Engineering,SAGE,2025-2027
Polymers from Renewable Resources,2045-1377,Hybrid,Y,,Materials Science & Engineering,SAGE,2025-2027
"Progress in Rubber, Plastics and Recycling Technology",1478-2413,Hybrid,Y,,Materials Science & Engineering,SAGE,2025-2027
NHRD Network Journal,2631-455X,Hybrid,Y,,Business & Management,SAGE,2025-2027
Journal of Orthodontics,1465-3133,Hybrid,Y,,Clinical Medicine,SAGE,2025-2027
Anaesthesia and Intensive Care,1448-0271,Hybrid,Y,,Other Health Specialties,SAGE,2025-2027
Asia-Pacific Journal of Rural Development,2074-0131,Hybrid,Y,,Economics & Development Studies,SAGE,2025-2027
Journal of Asian Economic Integration,2631-6854,Hybrid,Y,,Economics & Development Studies,SAGE,2025-2027
The Oriental Anthropologist,0976-3430,Hybrid,Y,,Anthropology & Archaeology,SAGE,2025-2027
Pro Ecclesia,2631-8334,Hybrid,Y,,"Religion, Theology and Biblical Studies",SAGE,2025-2027
Australasian Journal of Early Childhood,1839-5961,Hybrid,Y,,Education,SAGE,2025-2027
Avian Biology Research,1758-1567,Hybrid,Y,,Other Health Specialties,SAGE,2025-2027
"SEDME (Small Enterprises Development, Management & Extension Journal)",2456-1223,Hybrid,Y,,Economics & Development Studies,SAGE,2025-2027
Review of Development and Change,2632-055X,Hybrid,Y,,Economics & Development Studies,SAGE,2025-2027
Alternatives to Laboratory Animals,2632-3559,Hybrid,Y,,NA,SAGE,2025-2027
Violence: An International Journal,2633-0032,Hybrid,Y,,NA,SAGE,2025-2027
Journal of the Anthropological Survey of India,2632-4369,Hybrid,Y,,NA,SAGE,2025-2027
Incarceration,2632-6663,Hybrid,Y,,NA,SAGE,2025-2027
Research Methods in Medicine & Health Sciences,2632-0843,Hybrid,Y,,Clinical Medicine,SAGE,2025-2027
Institutionalised Children Explorations and Beyond,2349-3011,Hybrid,Y,,NA,SAGE,2025-2027
Peritoneal Dialysis International,1718-4304,Hybrid,Y,,NA,SAGE,2025-2027
Earthquake Spectra,1944-8201,Hybrid,Y,,NA,SAGE,2025-2027
Primary Dental Journal,2050-1692,Hybrid,Y,,NA,SAGE,2025-2027
New Perspectives,2336-8268,Hybrid,Y,,NA,SAGE,2025-2027
Australasian Marketing Journal,1839-3349,Hybrid,Y,,NA,SAGE,2025-2027
Environment and Planning F,2634-9825,Hybrid,Y,,NA,SAGE,2025-2027
Coastal Studies & Society,2634-9817,Hybrid,Y,,NA,SAGE,2025-2027
Anglican Theological Review,2163-6214,Hybrid,Y,,"Religion, Theology and Biblical Studies",SAGE,2025-2027
Human Systems,2634-4041,Hybrid,Y,,NA,SAGE,2025-2027
Multimodality & Society,2634-9809,Hybrid,Y,,NA,SAGE,2025-2027
Progress in Environmental Geography,2753-9687,Hybrid,Y,,NA,SAGE,2025-2027
Transactions in Planning and Urban Research,2754-1223,Hybrid,Y,,NA,SAGE,2025-2027
"Transactions in Urban Data, Science, and Technology",2754-1231,Hybrid,Y,,NA,SAGE,2025-2027
"Transactions in Earth, Environment, and Sustainability",2754-124X,Hybrid,Y,,NA,SAGE,2025-2027
Dialogues in Urban Research,2754-1258,Hybrid,Y,,NA,SAGE,2025-2027
Possibility Studies & Society,2753-8699,Hybrid,Y,,NA,SAGE,2025-2027
Equity in Education & Society,2752-6461,Hybrid,Y,,Education,SAGE,2025-2027
Nursing & Midwifery Research Journal,2752-8367,Hybrid,Y,,NA,SAGE,2025-2027
Journal of the Royal College of Physicians of Edinburgh,2042-8189,Hybrid,Y,,NA,SAGE,2025-2027
Chinese Public Administration Review,2573-1483,Hybrid,Y,,NA,SAGE,2025-2027
Media Watch,2249-8818,Hybrid,Y,,NA,SAGE,2025-2027
Environment and Security,2753-8796,Hybrid,Y,,Political Science & International Relations,SAGE,2025-2027
"DIY, Alternative Cultures & Society",2753-8702,Hybrid,Y,,NA,SAGE,2025-2027
International Journal of Mass Emergencies & Disasters,2753-5703,Hybrid,Y,,Sociology,SAGE,2025-2027
Chinese Journal of Transnational Law,2753-412X,Hybrid,Y,,NA,SAGE,2025-2027
Journal of Alternative Finance,2753-3743,Hybrid,Y,,Business & Management,SAGE,2025-2027
Environmental Values,1752-7015,Hybrid,Y,,"Geography, Earth & Environmental Science",SAGE,2025-2027
Journal for the Study of Education and Development,1578-4126,Hybrid,Y,,NA,SAGE,2025-2027
PsyEcology,1989-9386,Hybrid,Y,,NA,SAGE,2025-2027
Studies in Psychology,1579-3699,Hybrid,Y,,NA,SAGE,2025-2027
International Journal of Social Psychology,1579-3680,Hybrid,Y,,NA,SAGE,2025-2027
Culture and Education,1578-4118,Hybrid,Y,,NA,SAGE,2025-2027
Advances in Applied Ceramics,1743-6761,Hybrid,Y,,NA,SAGE,2025-2027
Applied Earth Science,2572-6846,Hybrid,Y,,NA,SAGE,2025-2027
"Corrosion Engineering, Science and Technology",1743-2782,Hybrid,Y,,NA,SAGE,2025-2027
Interdisciplinary Science Reviews,1743-2790,Hybrid,Y,,NA,SAGE,2025-2027
International Materials Reviews,1743-2804,Hybrid,Y,,NA,SAGE,2025-2027
International Wood Products Journal,2042-6453,Hybrid,Y,,NA,SAGE,2025-2027
Ironmaking & Steelmaking,1743-2812,Hybrid,Y,,NA,SAGE,2025-2027
Materials Science and Technology,1743-2847,Hybrid,Y,,NA,SAGE,2025-2027
Mineral Processing and Extractive Metallurgy,2572-665X,Hybrid,Y,,NA,SAGE,2025-2027
Mining Technology,2572-6676,Hybrid,Y,,NA,SAGE,2025-2027
"Plastics, Rubber and Composites",1743-2898,Hybrid,Y,,NA,SAGE,2025-2027
Powder Metallurgy,1743-2901,Hybrid,Y,,NA,SAGE,2025-2027
Science and Technology of Welding and Joining,1743-2936,Not Applicable,N,subcription,,SAGE,2025-2027
Surface Engineering,1743-2944,Hybrid,Y,,NA,SAGE,2025-2027
Review of Religious Research,2211-4866,Hybrid,Y,,"Religion, Theology and Biblical Studies",SAGE,2025-2027
Transactions in Energy and Sustainability,2976-8632,Hybrid,Y,,NA,SAGE,2025-2027
Dialogues on Digital Society,2976-8640,Hybrid,Y,,NA,SAGE,2025-2027
Dialogues on Climate Change,2876-8659,Hybrid,Y,,NA,SAGE,2025-2027
"Tribology - Materials, Surfaces & Interfaces",1751-584X,Hybrid,Y,,NA,SAGE,2025-2027
Migration and Development,2163-2332,Hybrid,Y,,NA,SAGE,2025-2027
Dialogues in Sociology,2976-8667,Hybrid,Y,,NA,SAGE,2025-2027
International Journal of Clinical Metabolism and Diabetes,3050-208X,Hybrid,Y,,NA,SAGE,2025-2027
Journal of Psychologists and Counsellors in Schools,2055-6373,Hybrid,Y,,NA,SAGE,2025-2027
Belonging,3029-0805,Hybrid,Y,,"Psychology, Psychiatry & Counseling",SAGE,2025-2027
Abhigyan,2583-1445,Hybrid,Y,,Business & Management,SAGE,2025-2027
Clinical Hemorheology and Microcirculation,1875-8622,Hybrid,Y,,Clinical Medicine,SAGE,2025-2027
Environmental Policy and Law,1878-5395,Subscribe to open,y,,"Geography, Earth & Environmental Science",SAGE,2025-2027
Jounal of Alzheimer’s disease,1875-8908,Hybrid,Y,,Clinical Medicine,SAGE,2025-2027
International Journal of Applied Electromagnetics and Mechanics,1875-8800,Hybrid,Y,,Materials Science & Engineering,SAGE,2025-2027
Journal of Huntington's Disease,1879-6400,Hybrid,Y,,Clinical Medicine,SAGE,2025-2027
Social Studies of Science,1460-3659,Hybrid,Y,,Science & Society Studies,SAGE,2025-2027
Health,1461-7196,Hybrid,Y,,Other Health Specialties,SAGE,2025-2027
Party Politics,1460-3683,Hybrid,Y,,Political Science & International Relations,SAGE,2025-2027
Language and Literature,1461-7293,Hybrid,Y,,Language & Linguistics,SAGE,2025-2027
Economic and Industrial Democracy,1461-7099,Hybrid,Y,,Business & Management,SAGE,2025-2027
Journal of Contemporary History,1461-7250,Hybrid,Y,,History,SAGE,2025-2027
Educational Management Administration & Leadership,1741-1440,Hybrid,Y,,Education,SAGE,2025-2027
International Social Work,1461-7234,Hybrid,Y,,"Psychology, Psychiatry & Counseling",SAGE,2025-2027
Journal of European Social Policy,1461-7269,Hybrid,Y,,"Psychology, Psychiatry & Counseling",SAGE,2025-2027
Social & Legal Studies,1461-7390,Hybrid,Y,,Criminology & Criminal Justice,SAGE,2025-2027
European History Quarterly,1461-7110,Hybrid,Y,,Arts & Humanities,SAGE,2025-2027
International Political Science Review,1460-373X,Hybrid,Y,,Political Science & International Relations,SAGE,2025-2027
Security Dialogue,1460-3640,Hybrid,Y,,Political Science & International Relations,SAGE,2025-2027
Journal of Social and Personal Relationships,1460-3608,Hybrid,Y,,"Psychology, Psychiatry & Counseling",SAGE,2025-2027
Critique of Anthropology,1460-3721,Hybrid,Y,,Anthropology & Archaeology,SAGE,2025-2027
European Journal of Communication,1460-3705,Hybrid,Y,,Communication & Media Studies,SAGE,2025-2027
History of the Human Sciences,1461-720X,Hybrid,Y,,Science & Society Studies,SAGE,2025-2027
Rationality and Society,1461-7358,Hybrid,Y,,Sociology,SAGE,2025-2027
European Journal of Industrial Relations,1461-7129,Hybrid,Y,,Business & Management,SAGE,2025-2027
Clinical Child Psychology and Psychiatry,1461-7021,Hybrid,Y,,"Psychology, Psychiatry & Counseling",SAGE,2025-2027
Theoretical Criminology,1461-7439,Hybrid,Y,,Criminology & Criminal Justice,SAGE,2025-2027
Sexualities,1461-7382,Hybrid,Y,,Sociology,SAGE,2025-2027
Thesis Eleven,1461-7455,Hybrid,Y,,Sociology,SAGE,2025-2027
"Theory, Culture & Society",1460-3616,Hybrid,Y,,Anthropology & Archaeology,SAGE,2025-2027
Journal of Health Psychology,1461-7277,Hybrid,Y,,"Psychology, Psychiatry & Counseling",SAGE,2025-2027
Childhood,1461-7013,Hybrid,Y,,Anthropology & Archaeology,SAGE,2025-2027
International Review of Administrative Sciences,1461-7226,Hybrid,Y,,Political Science & International Relations,SAGE,2025-2027
Philosophy & Social Criticism,1461-734X,Hybrid,Y,,Arts & Humanities,SAGE,2025-2027
Cooperation and Conflict,1460-3691,Hybrid,Y,,Political Science & International Relations,SAGE,2025-2027
"Media, Culture & Society",1460-3675,Hybrid,Y,,Communication & Media Studies,SAGE,2025-2027
Current Sociology,1461-7064,Hybrid,Y,,Sociology,SAGE,2025-2027
Journal of Material Culture,1460-3586,Hybrid,Y,,Anthropology & Archaeology,SAGE,2025-2027
Journal of Psychopharmacology,1461-7285,Hybrid,Y,,Pharmacology & Toxicology,SAGE,2025-2027
Body & Society,1460-3632,Hybrid,Y,,Anthropology & Archaeology,SAGE,2025-2027
Organization,1461-7323,Hybrid,Y,,Business & Management,SAGE,2025-2027
Discourse & Society,1460-3624,Hybrid,Y,,Language & Linguistics,SAGE,2025-2027
Social Compass,1461-7404,Hybrid,Y,,Sociology,SAGE,2025-2027
Group Analysis,1461-717X,Hybrid,Y,,"Psychology, Psychiatry & Counseling",SAGE,2025-2027
Critical Social Policy,1461-703X,Hybrid,Y,,"Psychology, Psychiatry & Counseling",SAGE,2025-2027
European Urban and Regional Studies,1461-7145,Hybrid,Y,,"Geography, Earth & Environmental Science",SAGE,2025-2027
Evaluation,1461-7153,Hybrid,Y,,Research Methods & Evaluation,SAGE,2025-2027
International Review for the Sociology of Sport,1461-7218,Hybrid,Y,,Sociology,SAGE,2025-2027
Social Science Information,1461-7412,Hybrid,Y,,Anthropology & Archaeology,SAGE,2025-2027
European Journal of International Relations,1460-3713,Hybrid,Y,,Political Science & International Relations,SAGE,2025-2027
Theory & Psychology,1461-7447,Hybrid,Y,,"Psychology, Psychiatry & Counseling",SAGE,2025-2027
Culture & Psychology,1461-7056,Hybrid,Y,,"Psychology, Psychiatry & Counseling",SAGE,2025-2027
European Journal of Women's Studies,1461-7420,Hybrid,Y,,Sociology,SAGE,2025-2027
Management Learning,1461-7307,Hybrid,Y,,Business & Management,SAGE,2025-2027
Time & Society,1461-7463,Hybrid,Y,,Anthropology & Archaeology,SAGE,2025-2027
Journal of Peace Research,1460-3578,Hybrid,Y,,Political Science & International Relations,SAGE,2025-2027
Cultural Dynamics,1461-7048,Hybrid,Y,,Anthropology & Archaeology,SAGE,2025-2027
Journal of Theoretical Politics,1460-3667,Hybrid,Y,,Political Science & International Relations,SAGE,2025-2027
New Media & Society,1461-7315,Hybrid,Y,,Communication & Media Studies,SAGE,2025-2027
Transcultural Psychiatry,1461-7471,Hybrid,Y,,"Psychology, Psychiatry & Counseling",SAGE,2025-2027
International Communication Gazette,1748-0493,Hybrid,Y,,Communication & Media Studies,SAGE,2025-2027
School Psychology International,1461-7374,Hybrid,Y,,"Psychology, Psychiatry & Counseling",SAGE,2025-2027
Feminism & Psychology,1461-7161,Hybrid,Y,,Sociology,SAGE,2025-2027
Autism,1461-7005,Hybrid,Y,,Education,SAGE,2025-2027
International Sociology,1461-7242,Hybrid,Y,,Sociology,SAGE,2025-2027
Sociological Research Online,1360-7804,Hybrid,Y,,Sociology,SAGE,2025-2027
European Journal of Cultural Studies,1460-3551,Hybrid,Y,,Cultural Studies,SAGE,2025-2027
International Journal of Cultural Studies,1460-356X,Hybrid,Y,,Cultural Studies,SAGE,2025-2027
Group Processes & Intergroup Relations,1461-7188,Hybrid,Y,,"Psychology, Psychiatry & Counseling",SAGE,2025-2027
European Journal of Social Theory,1461-7137,Hybrid,Y,,Cultural Studies,SAGE,2025-2027
Discourse Studies,1461-7080,Hybrid,Y,,Language & Linguistics,SAGE,2025-2027
Punishment & Society,1741-3095,Hybrid,Y,,Criminology & Criminal Justice,SAGE,2025-2027
European Physical Education Review,1741-2749,Hybrid,Y,,Education,SAGE,2025-2027
Feminist Theory,1741-2773,Hybrid,Y,,Sociology,SAGE,2025-2027
Anthropological Theory,1741-2641,Hybrid,Y,,Anthropology & Archaeology,SAGE,2025-2027
Journalism,1741-3001,Hybrid,Y,,Communication & Media Studies,SAGE,2025-2027
European Union Politics,1741-2757,Hybrid,Y,,Political Science & International Relations,SAGE,2025-2027
Ethnography,1741-2714,Hybrid,Y,,Anthropology & Archaeology,SAGE,2025-2027
Human Relations,1741-282X,Hybrid,Y,,Business & Management,SAGE,2025-2027
Tourist Studies,1741-3206,Hybrid,Y,,Vocational & Professional Studies,SAGE,2025-2027
Criminology & Criminal Justice,1748-8966,Hybrid,Y,,Criminology & Criminal Justice,SAGE,2025-2027
Race & Class,1741-3125,Hybrid,Y,,Area & Ethnic Studies,SAGE,2025-2027
Global Social Policy,1741-2803,Hybrid,Y,,"Psychology, Psychiatry & Counseling",SAGE,2025-2027
Journal of Social Work,1741-296X,Hybrid,Y,,Social Work & Social Policy,SAGE,2025-2027
Dementia,1741-2684,Hybrid,Y,,Aging & Gerontology,SAGE,2025-2027
International Journal of Cross Cultural Management,1741-2838,Hybrid,Y,,Business & Management,SAGE,2025-2027
Qualitative Research,1741-3109,Hybrid,Y,,Research Methods & Evaluation,SAGE,2025-2027
Marketing Theory,1741-301X,Hybrid,Y,,Marketing & Hospitality,SAGE,2025-2027
Journal of Intellectual Disabilities,1744-6309,Hybrid,Y,,Education,SAGE,2025-2027
Ethnicities,1741-2706,Hybrid,Y,,Area & Ethnic Studies,SAGE,2025-2027
Journal of Classical Sociology,1741-2897,Hybrid,Y,,Sociology,SAGE,2025-2027
Journal of Early Childhood Literacy,1741-2919,Hybrid,Y,,Education,SAGE,2025-2027
Journal of Social Archaeology,1741-2951,Hybrid,Y,,Anthropology & Archaeology,SAGE,2025-2027
Journal of Consumer Culture,1741-2900,Hybrid,Y,,Anthropology & Archaeology,SAGE,2025-2027
Active Learning in Higher Education,1741-2625,Hybrid,Y,,Education,SAGE,2025-2027
"Politics, Philosophy & Economics",1741-3060,Hybrid,Y,,Arts & Humanities,SAGE,2025-2027
Visual Communication,1741-3214,Hybrid,Y,,Anthropology & Archaeology,SAGE,2025-2027
Journal of Sociology,1741-2978,Hybrid,Y,,Cultural Studies,SAGE,2025-2027
Journal of Visual Culture,1741-2994,Hybrid,Y,,Anthropology & Archaeology,SAGE,2025-2027
Arts and Humanities in Higher Education,1741-265X,Hybrid,Y,,Arts & Humanities,SAGE,2025-2027
European Journal of Political Theory,1741-2730,Hybrid,Y,,Political Science & International Relations,SAGE,2025-2027
Planning Theory,1741-3052,Hybrid,Y,,"Geography, Earth & Environmental Science",SAGE,2025-2027
Qualitative Social Work,1741-3117,Hybrid,Y,,Social Work & Social Policy,SAGE,2025-2027
Global Business Review,0973-0664,Hybrid,Y,,Business & Management,SAGE,2025-2027
International Relations,1741-2862,Hybrid,Y,,Political Science & International Relations,SAGE,2025-2027
"Work, Employment and Society",1469-8722,Hybrid,Y,,Sociology,SAGE,2025-2027
Sociology,1469-8684,Hybrid,Y,,Sociology,SAGE,2025-2027
Adaptive Behavior,1741-2633,Hybrid,Y,,Materials Science & Engineering,SAGE,2025-2027
SIMULATION,1741-3133,Hybrid,Y,,Materials Science & Engineering,SAGE,2025-2027
International Small Business Journal,1741-2870,Hybrid,Y,,Business & Management,SAGE,2025-2027
Journal of Child Health Care,1741-2889,Hybrid,Y,,Other Health Specialties,SAGE,2025-2027
Journal of Research in International Education,1741-2943,Hybrid,Y,,Education,SAGE,2025-2027
Journal of Composite Materials,1530-793X,Hybrid,Y,,Materials Science & Engineering,SAGE,2025-2027
Technology in Health Care,1878-7401,Hybrid,Y,,Life & Biomedical Sciences,SAGE,2025-2027
Journal of Fire Sciences,1530-8049,Hybrid,Y,,Materials Science & Engineering,SAGE,2025-2027
Concurrent Engineering,1531-2003,Hybrid,Y,,Materials Science & Engineering,SAGE,2025-2027
International Journal of Damage Mechanics,1530-7921,Hybrid,Y,,Materials Science & Engineering,SAGE,2025-2027
Food Science and Technology International,1532-1738,Hybrid,Y,,Pharmacology & Toxicology,SAGE,2025-2027
Journal of Bioactive and Compatible Polymers,1530-8030,Hybrid,Y,,Materials Science & Engineering,SAGE,2025-2027
Journal of Biomaterials Applications,1530-8022,Hybrid,Y,,Materials Science & Engineering,SAGE,2025-2027
Journal of Cellular Plastics,1530-7999,Hybrid,Y,,Materials Science & Engineering,SAGE,2025-2027
Journal of Elastomers & Plastics,1530-8006,Hybrid,Y,,Materials Science & Engineering,SAGE,2025-2027
Journal of Intelligent Material Systems and Structures,1530-8138,Hybrid,Y,,Materials Science & Engineering,SAGE,2025-2027
WORK,1875-9270,Hybrid,Y,,Vocational & Professional Studies,SAGE,2025-2027
Journal of Plastic Film & Sheeting,1530-8014,Hybrid,Y,,Materials Science & Engineering,SAGE,2025-2027
Journal of Reinforced Plastics and Composites,1530-7964,Hybrid,Y,,Materials Science & Engineering,SAGE,2025-2027
Journal of Sandwich Structures & Materials,1530-7972,Hybrid,Y,,Materials Science & Engineering,SAGE,2025-2027
Journal of Building Physics,1744-2583,Hybrid,Y,,Materials Science & Engineering,SAGE,2025-2027
Journal of Thermoplastic Composite Materials,1530-7980,Hybrid,Y,,Materials Science & Engineering,SAGE,2025-2027
Structural Health Monitoring,1741-3168,Hybrid,Y,,Materials Science & Engineering,SAGE,2025-2027
International Journal of Social Psychiatry,1741-2854,Hybrid,Y,,"Psychology, Psychiatry & Counseling",SAGE,2025-2027
Strategic Organization,1741-315X,Hybrid,Y,,Business & Management,SAGE,2025-2027
Journal of Ambient Intelligence and Smart Environments,1876-1372,Hybrid,Y,,"Maths, Physics, Chemistry & Computing",SAGE,2025-2027
High Performance Polymers,1361-6412,Hybrid,Y,,Materials Science & Engineering,SAGE,2025-2027
"Asian Journal of Water, Environment and Pollution",1875-8568,Not Applicable,N,subcription,"Geography, Earth & Environmental Science",SAGE,2025-2027
Asymptotic Analysis,1875-8576,Hybrid,Y,,"Maths, Physics, Chemistry & Computing",SAGE,2025-2027
Psychology of Music,1741-3087,Hybrid,Y,,Education,SAGE,2025-2027
Journal of Early Childhood Research,1741-2927,Hybrid,Y,,Education,SAGE,2025-2027
Action Research,1741-2617,Hybrid,Y,,Research Methods & Evaluation,SAGE,2025-2027
European Journal of Criminology,1741-2609,Hybrid,Y,,Criminology & Criminal Justice,SAGE,2025-2027
Probation Journal,1741-3079,Hybrid,Y,,Criminology & Criminal Justice,SAGE,2025-2027
Bio-Medical Materials and Engineering,1878-3619,Hybrid,Y,,Materials Science & Engineering,SAGE,2025-2027
Theory and Research in Education,1741-3192,Hybrid,Y,,Arts & Humanities,SAGE,2025-2027
Journal of Emerging Market Finance,0973-0710,Hybrid,Y,,Economics & Development Studies,SAGE,2025-2027
Journal of Back and Musculoskeletal Rehabilitation,1878-6324,Hybrid,Y,,Other Health Specialties,SAGE,2025-2027
Organization Studies,1741-3044,Hybrid,Y,,Business & Management,SAGE,2025-2027
British Journalism Review,1741-2668,Hybrid,Y,,Communication & Media Studies,SAGE,2025-2027
Acta Sociologica,1502-3869,Hybrid,Y,,Cultural Studies,SAGE,2025-2027
Indoor and Built Environment,1423-0070,Hybrid,Y,,Materials Science & Engineering,SAGE,2025-2027
Public Understanding of Science,1361-6609,Hybrid,Y,,Science & Society Studies,SAGE,2025-2027
French Cultural Studies,1740-2352,Hybrid,Y,,Cultural Studies,SAGE,2025-2027
Journal of European Studies,1740-2379,Hybrid,Y,,Arts & Humanities,SAGE,2025-2027
History of Psychiatry,1740-2360,Hybrid,Y,,"Psychology, Psychiatry & Counseling",SAGE,2025-2027
First Language,1740-2344,Hybrid,Y,,Language & Linguistics,SAGE,2025-2027
Bridge Structures,1744-8999,Hybrid,Y,,Materials Science & Engineering,SAGE,2025-2027
Business Information Review,1741-6450,Hybrid,Y,,Business & Management,SAGE,2025-2027
Information Development,1741-6469,Hybrid,Y,,Vocational & Professional Studies,SAGE,2025-2027
Journal of Librarianship and Information Science,1741-6477,Hybrid,Y,,Vocational & Professional Studies,SAGE,2025-2027
Journal of Information Science,1741-6485,Hybrid,Y,,Vocational & Professional Studies,SAGE,2025-2027
"Literature, Critique, and Empire Today",3033-3970,Hybrid,Y,,Language & Linguistics,SAGE,2025-2027
Improving Schools,1475-7583,Hybrid,Y,,Education,SAGE,2025-2027
China Information,1741-590X,Hybrid,Y,,Area & Ethnic Studies,SAGE,2025-2027
Education for Information,1875-8649,Hybrid,Y,,Vocational & Professional Studies,SAGE,2025-2027
"Crime, Media, Culture",1741-6604,Hybrid,Y,,Criminology & Criminal Justice,SAGE,2025-2027
Human Geography,2633-674X,Hybrid,Y,,NA,SAGE,2025-2027
Asian Journal of Management Cases,0973-0621,Hybrid,Y,,Business & Management,SAGE,2025-2027
Waste Management & Research,1096-3669,Hybrid,Y,,Materials Science & Engineering,SAGE,2025-2027
International Journal of Music Education,1744-795X,Hybrid,Y,,Arts & Humanities,SAGE,2025-2027
Leadership,1742-7169,Hybrid,Y,,Business & Management,SAGE,2025-2027
Global Media and Communication,1742-7673,Hybrid,Y,,Communication & Media Studies,SAGE,2025-2027
British Journal of Visual Impairment,1744-5809,Hybrid,Y,,Aging & Gerontology,SAGE,2025-2027
International Journal of Rural Management,0973-0680,Hybrid,Y,,Business & Management,SAGE,2025-2027
Journal of Developing Societies,1745-2546,Hybrid,Y,,Economics & Development Studies,SAGE,2025-2027
Journal of Asian and African Studies,1745-2538,Hybrid,Y,,Area & Ethnic Studies,SAGE,2025-2027
International Journal of Comparative Sociology,1745-2554,Hybrid,Y,,Sociology,SAGE,2025-2027
IFLA Journal,1745-2651,Hybrid,Y,,Vocational & Professional Studies,SAGE,2025-2027
Journal of Research in Nursing,1744-988X,Hybrid,Y,,Nursing,SAGE,2025-2027
South Asian Journal of Business and Management Cases,2321-0303,Hybrid,Y,,Business & Management,SAGE,2025-2027
Human Antibodies,1875-869X,Hybrid,Y,,Clinical Medicine,SAGE,2025-2027
ICGA Journal,2468-2438,Hybrid,Y,,"Maths, Physics, Chemistry & Computing",SAGE,2025-2027
Intelligent Data Analysis,1571-4128,Hybrid,Y,,"Maths, Physics, Chemistry & Computing",SAGE,2025-2027
Journal of Vacation Marketing,1479-1870,Hybrid,Y,,Marketing & Hospitality,SAGE,2025-2027
Environment & Urbanization,1746-0301,Hybrid,Y,,Economics & Development Studies,SAGE,2025-2027
Currents in Biblical Research,1745-5200,Hybrid,Y,,"Religion, Theology and Biblical Studies",SAGE,2025-2027
Feminist Theology,1745-5189,Hybrid,Y,,"Religion, Theology and Biblical Studies",SAGE,2025-2027
Journal for the Study of the New Testament,1745-5294,Hybrid,Y,,"Religion, Theology and Biblical Studies",SAGE,2025-2027
Journal for the Study of the Old Testament,1476-6728,Hybrid,Y,,"Religion, Theology and Biblical Studies",SAGE,2025-2027
Journal for the Study of the Pseudepigrapha,1745-5286,Hybrid,Y,,"Religion, Theology and Biblical Studies",SAGE,2025-2027
Intelligent Decision Technologies,1875-8843,Hybrid,Y,,"Maths, Physics, Chemistry & Computing",SAGE,2025-2027
RELC Journal,1745-526X,Hybrid,Y,,Language & Linguistics,SAGE,2025-2027
Studies in Christian Ethics,1745-5235,Hybrid,Y,,"Religion, Theology and Biblical Studies",SAGE,2025-2027
The Expository Times,1745-5308,Hybrid,Y,,"Religion, Theology and Biblical Studies",SAGE,2025-2027
International Journal of Behavioral Development,1464-0651,Hybrid,Y,,"Psychology, Psychiatry & Counseling",SAGE,2025-2027
Asia-Pacific Journal of Management Research and Innovation,2321-0729,Hybrid,Y,,Business & Management,SAGE,2025-2027
Textile Research Journal,1746-7748,Hybrid,Y,,Materials Science & Engineering,SAGE,2025-2027
"Education, Citizenship and Social Justice",1746-1987,Hybrid,Y,,Education,SAGE,2025-2027
Agrarian South: Journal of Political Economy,2321-0281,Hybrid,Y,,Economics & Development Studies,SAGE,2025-2027
Perspectives in Public Health,1757-9147,Hybrid,Y,,Public Health,SAGE,2025-2027
IIM Kozhikode Society & Management Review,2321-029X,Hybrid,Y,,Business & Management,SAGE,2025-2027
Animation,1746-8485,Hybrid,Y,,Communication & Media Studies,SAGE,2025-2027
Youth Justice,1747-6283,Hybrid,Y,,Criminology & Criminal Justice,SAGE,2025-2027
Accounting History,1749-3374,Hybrid,Y,,Business & Management,SAGE,2025-2027
Journal of Creative Communications,0973-2594,Hybrid,Y,,Communication & Media Studies,SAGE,2025-2027
Journal of South Asian Development,0973-1733,Hybrid,Y,,Area & Ethnic Studies,SAGE,2025-2027
Journal of Industrial Relations,1472-9296,Hybrid,Y,,Business & Management,SAGE,2025-2027
Convergence,1748-7382,Hybrid,Y,,Communication & Media Studies,SAGE,2025-2027
Health Education Journal,1748-8176,Hybrid,Y,,Other Health Specialties,SAGE,2025-2027
European Journal of Personality,1099-0984,Hybrid,Y,,NA,SAGE,2025-2027
Public Policy and Administration,1749-4192,Hybrid,Y,,Political Science & International Relations,SAGE,2025-2027
Cultural Sociology,1749-9763,Hybrid,Y,,Sociology,SAGE,2025-2027
Management in Education,1741-9883,Hybrid,Y,,Education,SAGE,2025-2027
Discourse & Communication,1750-4821,Hybrid,Y,,Arts & Humanities,SAGE,2025-2027
Journal of Intelligent & Fuzzy Systems,1875-8967,Hybrid,Y,,"Maths, Physics, Chemistry & Computing",SAGE,2025-2027
"Media, War & Conflict",1750-6360,Hybrid,Y,,Communication & Media Studies,SAGE,2025-2027
Memory Studies,1750-6999,Hybrid,Y,,Anthropology & Archaeology,SAGE,2025-2027
Building Services Engineering Research & Technology,1477-0849,Hybrid,Y,,Materials Science & Engineering,SAGE,2025-2027
Child Language Teaching and Therapy,1477-0865,Hybrid,Y,,Language & Linguistics,SAGE,2025-2027
Clinical Rehabilitation,1477-0873,Hybrid,Y,,Neurology,SAGE,2025-2027
Clinical Trials,1740-7753,Hybrid,Y,,Pharmacology & Toxicology,SAGE,2025-2027
cultural geographies,1477-0881,Hybrid,Y,,Cultural Studies,SAGE,2025-2027
The Holocene,1477-0911,Hybrid,Y,,"Geography, Earth & Environmental Science",SAGE,2025-2027
Journal of Oncology Pharmacy Practice,1477-092X,Hybrid,Y,,Pharmacology & Toxicology,SAGE,2025-2027
Language Teaching Research,1477-0954,Hybrid,Y,,Language & Linguistics,SAGE,2025-2027
Language Testing,1477-0946,Hybrid,Y,,Language & Linguistics,SAGE,2025-2027
"Law, Culture and the Humanities",1743-9752,Hybrid,Y,,Arts & Humanities,SAGE,2025-2027
Lighting Research & Technology,1477-0938,Hybrid,Y,,Materials Science & Engineering,SAGE,2025-2027
Lupus,1477-0962,Hybrid,Y,,Clinical Medicine,SAGE,2025-2027
Multiple Sclerosis Journal,1477-0970,Hybrid,Y,,Neurology,SAGE,2025-2027
Nursing Ethics,1477-0989,Hybrid,Y,,Nursing,SAGE,2025-2027
Palliative Medicine,1477-030X,Hybrid,Y,,Aging & Gerontology,SAGE,2025-2027
Perfusion,1477-111X,Hybrid,Y,,Cardiology & Cardiovascular Medicine,SAGE,2025-2027
Progress in Development Studies,1477-027X,Hybrid,Y,,Economics & Development Studies,SAGE,2025-2027
Progress in Human Geography,1477-0288,Hybrid,Y,,"Geography, Earth & Environmental Science",SAGE,2025-2027
Progress in Physical Geography: Earth and Environment,1477-0296,Hybrid,Y,,"Geography, Earth & Environmental Science",SAGE,2025-2027
Second Language Research,1477-0326,Hybrid,Y,,Language & Linguistics,SAGE,2025-2027
Statistical Methods in Medical Research,1477-0334,Hybrid,Y,,Clinical Medicine,SAGE,2025-2027
Statistical Modelling,1477-0342,Hybrid,Y,,Research Methods & Evaluation,SAGE,2025-2027
Toxicology and Industrial Health,1477-0393,Hybrid,Y,,Pharmacology & Toxicology,SAGE,2025-2027
Transactions of the Institute of Measurement and Control,1477-0369,Hybrid,Y,,Materials Science & Engineering,SAGE,2025-2027
Trauma,1477-0350,Hybrid,Y,,Clinical Medicine,SAGE,2025-2027
Vascular Medicine,1477-0377,Hybrid,Y,,Cardiology & Cardiovascular Medicine,SAGE,2025-2027
War in History,1477-0385,Hybrid,Y,,History,SAGE,2025-2027
International Political Science Abstracts,1751-9292,Not Applicable,N,subcription,Political Science & International Relations,SAGE,2025-2027
Information Services and Use,1875-8789,Subscribe to open,y,,"Maths, Physics, Chemistry & Computing",SAGE,2025-2027
Journal of Economic and Social Measurement,1875-8932,Hybrid,Y,,Business & Management,SAGE,2025-2027
Journal of Integrated Design and Process Science,1875-8959,Hybrid,Y,,Materials Science & Engineering,SAGE,2025-2027
Journal of Vocational Rehabilitation,1878-6316,Hybrid,Y,,Other Health Specialties,SAGE,2025-2027
International Journal of Knowledge-Based and Intelligent Engineering Systems,1875-8827,Hybrid,Y,,"Maths, Physics, Chemistry & Computing",SAGE,2025-2027
Main Group Chemistry,1745-1167,Hybrid,Y,,"Maths, Physics, Chemistry & Computing",SAGE,2025-2027
Multiagent and Grid Systems,1875-9076,Hybrid,Y,,"Maths, Physics, Chemistry & Computing",SAGE,2025-2027
Mediterranean Journal of Nutrition and Metabolism,1973-7998,Hybrid,Y,,Other Health Specialties,SAGE,2025-2027
Journal of Neonatal-Perinatal Medicine,1878-4429,Hybrid,Y,,Clinical Medicine,SAGE,2025-2027
NeuroRehabilitation,1878-6448,Hybrid,Y,,Clinical Medicine,SAGE,2025-2027
Physiotherapy Practice and Research,2213-0691,Hybrid,Y,,Other Health Specialties,SAGE,2025-2027
Risk and Decision Analysis,1875-9173,Hybrid,Y,,Business & Management,SAGE,2025-2027
International Journal of RF Technologies: Research and Applications,1754-5749,Hybrid,Y,,Materials Science & Engineering,SAGE,2025-2027
Restorative Neurology and Neuroscience,1878-3627,Hybrid,Y,,Clinical Medicine,SAGE,2025-2027
"Strength, Fracture and Complexity",1875-9262,Hybrid,Y,,Materials Science & Engineering,SAGE,2025-2027
Statistical Journal of the IAOS,1875-9254,Hybrid,Y,,"Maths, Physics, Chemistry & Computing",SAGE,2025-2027
Technology and Disability,1878-643X,Hybrid,Y,,Other Health Specialties,SAGE,2025-2027
Web Intelligence,2405-6456,Hybrid,Y,,"Maths, Physics, Chemistry & Computing",SAGE,2025-2027
Journal of X-Ray Science and Technology,1095-9114,Hybrid,Y,,Other Health Specialties,SAGE,2025-2027
Advances in Communication and Swallowing,2772-5391,Hybrid,Y,,Clinical Medicine,SAGE,2025-2027
Algorithmic Finance,2157-6203,Hybrid,Y,,"Maths, Physics, Chemistry & Computing",SAGE,2025-2027
AI Communications,1875-8452,Hybrid,Y,,"Maths, Physics, Chemistry & Computing",SAGE,2025-2027
Applied Ontology,1875-8533,Hybrid,Y,,"Maths, Physics, Chemistry & Computing",SAGE,2025-2027
Biorheology,1878-5034,Hybrid,Y,,Clinical Medicine,SAGE,2025-2027
Computability,2211-3576,Hybrid,Y,,"Maths, Physics, Chemistry & Computing",SAGE,2025-2027
Fundamenta Informaticae,1692-2968,Hybrid,Y,,"Maths, Physics, Chemistry & Computing",SAGE,2025-2027
International Journal of Hybrid Intelligent Systems,1875-8819,Hybrid,Y,,"Maths, Physics, Chemistry & Computing",SAGE,2025-2027
Human Systems Management,1875-8703,Hybrid,Y,,Business & Management,SAGE,2025-2027
Intelligenza Artificiale,2211-0097,Hybrid,Y,,"Maths, Physics, Chemistry & Computing",SAGE,2025-2027
Integrated Computer-Aided Engineering,1875-8835,Hybrid,Y,,"Maths, Physics, Chemistry & Computing",SAGE,2025-2027
Isokinetics and Exercise Science,1878-5913,Hybrid,Y,,Other Health Specialties,SAGE,2025-2027
Information Polity,1875-8754,Hybrid,Y,,Business & Management,SAGE,2025-2027
International Shipbuilding Progress,1566-2829,Hybrid,Y,,Materials Science & Engineering,SAGE,2025-2027
Journal of Berry Research,1878-5123,Hybrid,Y,,Economics & Development Studies,SAGE,2025-2027
Journal of Cellular Biotechnology,2352-3689,Hybrid,Y,,Life & Biomedical Sciences,SAGE,2025-2027
Journal of Climate Change,2395-7697,Not Applicable,N,subcription,"Geography, Earth & Environmental Science",SAGE,2025-2027
Journal of Computational Methods in Science and Engineering,1875-8983,Hybrid,Y,,Materials Science & Engineering,SAGE,2025-2027
Journal of Computer Security,1875-8924,Hybrid,Y,,"Maths, Physics, Chemistry & Computing",SAGE,2025-2027
Journal of High Speed Networks,1875-8940,Hybrid,Y,,"Maths, Physics, Chemistry & Computing",SAGE,2025-2027
Journal of Neutron Research,1477-2655,Hybrid,Y,,"Maths, Physics, Chemistry & Computing",SAGE,2025-2027
International Journal of Risk & Safety in Medicine,1878-6847,Hybrid,Y,,Public Health,SAGE,2025-2027
Model Assisted Statistics and Applications,1875-9068,Hybrid,Y,,"Maths, Physics, Chemistry & Computing",SAGE,2025-2027
Journal of Smart Cities and Society,2772-3585,Hybrid,Y,,Materials Science & Engineering,SAGE,2025-2027
Translational Science of Rare Diseases,2214-6512,Hybrid,Y,,Clinical Medicine,SAGE,2025-2027
Journal of Vestibular Research,1878-6464,Hybrid,Y,,Clinical Medicine,SAGE,2025-2027
International Journal of Developmental Science,2191-7485,Hybrid,Y,,Social Work & Social Policy,SAGE,2025-2027
